fips,name,qualifying
01001,"Autauga County, Alabama",3293
01003,"Baldwin County, Alabama",29029
01005,"Barbour County, Alabama",681
01007,"Bibb County, Alabama",490
01009,"Blount County, Alabama",2305
01011,"Bullock County, Alabama",73
01013,"Butler County, Alabama",267
01015,"Calhoun County, Alabama",3200
01017,"Chambers County, Alabama",992
01019,"Cherokee County, Alabama",1343
01021,"Chilton County, Alabama",1280
01023,"Choctaw County, Alabama",214
01025,"Clarke County, Alabama",559
01027,"Clay County, Alabama",510
01029,"Cleburne County, Alabama",564
01031,"Coffee County, Alabama",2783
01033,"Colbert County, Alabama",2640
01035,"Conecuh County, Alabama",143
01037,"Coosa County, Alabama",309
01039,"Covington County, Alabama",1181
01041,"Crenshaw County, Alabama",297
01043,"Cullman County, Alabama",5030
01045,"Dale County, Alabama",984
01047,"Dallas County, Alabama",420
01049,"DeKalb County, Alabama",2224
01051,"Elmore County, Alabama",5617
01053,"Escambia County, Alabama",708
01055,"Etowah County, Alabama",3579
01057,"Fayette County, Alabama",414
01059,"Franklin County, Alabama",801
01061,"Geneva County, Alabama",707
01063,"Greene County, Alabama",99
01065,"Hale County, Alabama",403
01067,"Henry County, Alabama",710
01069,"Houston County, Alabama",4859
01071,"Jackson County, Alabama",1914
01073,"Jefferson County, Alabama",55793
01075,"Lamar County, Alabama",114
01077,"Lauderdale County, Alabama",5411
01079,"Lawrence County, Alabama",1150
01081,"Lee County, Alabama",12801
01083,"Limestone County, Alabama",10708
01085,"Lowndes County, Alabama",166
01087,"Macon County, Alabama",306
01089,"Madison County, Alabama",43313
01091,"Marengo County, Alabama",374
01093,"Marion County, Alabama",527
01095,"Marshall County, Alabama",5540
01097,"Mobile County, Alabama",18503
01099,"Monroe County, Alabama",261
01101,"Montgomery County, Alabama",10858
01103,"Morgan County, Alabama",7084
01105,"Perry County, Alabama",99
01107,"Pickens County, Alabama",375
01109,"Pike County, Alabama",988
01111,"Randolph County, Alabama",1308
01113,"Russell County, Alabama",1561
01115,"St. Clair County, Alabama",6111
01117,"Shelby County, Alabama",30309
01119,"Sumter County, Alabama",240
01121,"Talladega County, Alabama",2472
01123,"Tallapoosa County, Alabama",2238
01125,"Tuscaloosa County, Alabama",15221
01127,"Walker County, Alabama",2002
01129,"Washington County, Alabama",416
01131,"Wilcox County, Alabama",131
01133,"Winston County, Alabama",971
02013,"Aleutians East Borough, Alaska",88
02016,"Aleutians West Census Area, Alaska",135
02020,"Anchorage Municipality, Alaska",33370
02050,"Bethel Census Area, Alaska",754
02060,"Bristol Bay Borough, Alaska",51
02063,"Chugach Census Area, Alaska",723
02066,"Copper River Census Area, Alaska",249
02068,"Denali Borough, Alaska",159
02070,"Dillingham Census Area, Alaska",257
02090,"Fairbanks North Star Borough, Alaska",8392
02100,"Haines Borough, Alaska",344
02105,"Hoonah-Angoon Census Area, Alaska",296
02110,"Juneau City and Borough, Alaska",4053
02122,"Kenai Peninsula Borough, Alaska",8458
02130,"Ketchikan Gateway Borough, Alaska",1882
02150,"Kodiak Island Borough, Alaska",1502
02158,"Kusilvak Census Area, Alaska",115
02164,"Lake and Peninsula Borough, Alaska",48
02170,"Matanuska-Susitna Borough, Alaska",15600
02180,"Nome Census Area, Alaska",459
02185,"North Slope Borough, Alaska",333
02188,"Northwest Arctic Borough, Alaska",216
02195,"Petersburg Borough, Alaska",403
02198,"Prince of Wales-Hyder Census Area, Alaska",459
02220,"Sitka City and Borough, Alaska",1265
02230,"Skagway Municipality, Alaska",214
02240,"Southeast Fairbanks Census Area, Alaska",616
02275,"Wrangell City and Borough, Alaska",206
02282,"Yakutat City and Borough, Alaska",28
02290,"Yukon-Koyukuk Census Area, Alaska",96
04001,"Apache County, Arizona",1239
04003,"Cochise County, Arizona",6802
04005,"Coconino County, Arizona",15681
04007,"Gila County, Arizona",5227
04009,"Graham County, Arizona",1793
04011,"Greenlee County, Arizona",103
04012,"La Paz County, Arizona",491
04013,"Maricopa County, Arizona",682357
04015,"Mohave County, Arizona",20763
04017,"Navajo County, Arizona",6433
04019,"Pima County, Arizona",102913
04021,"Pinal County, Arizona",55377
04023,"Santa Cruz County, Arizona",2965
04025,"Yavapai County, Arizona",42434
04027,"Yuma County, Arizona",8364
05001,"Arkansas County, Arkansas",391
05003,"Ashley County, Arkansas",105
05005,"Baxter County, Arkansas",2051
05007,"Benton County, Arkansas",31692
05009,"Boone County, Arkansas",1501
05011,"Bradley County, Arkansas",137
05013,"Calhoun County, Arkansas",144
05015,"Carroll County, Arkansas",1661
05017,"Chicot County, Arkansas",212
05019,"Clark County, Arkansas",574
05021,"Clay County, Arkansas",263
05023,"Cleburne County, Arkansas",1285
05025,"Cleveland County, Arkansas",178
05027,"Columbia County, Arkansas",896
05029,"Conway County, Arkansas",497
05031,"Craighead County, Arkansas",5674
05033,"Crawford County, Arkansas",2502
05035,"Crittenden County, Arkansas",1186
05037,"Cross County, Arkansas",448
05039,"Dallas County, Arkansas",106
05041,"Desha County, Arkansas",170
05043,"Drew County, Arkansas",375
05045,"Faulkner County, Arkansas",7086
05047,"Franklin County, Arkansas",361
05049,"Fulton County, Arkansas",514
05051,"Garland County, Arkansas",5318
05053,"Grant County, Arkansas",604
05055,"Greene County, Arkansas",1239
05057,"Hempstead County, Arkansas",257
05059,"Hot Spring County, Arkansas",963
05061,"Howard County, Arkansas",380
05063,"Independence County, Arkansas",1009
05065,"Izard County, Arkansas",374
05067,"Jackson County, Arkansas",219
05069,"Jefferson County, Arkansas",792
05071,"Johnson County, Arkansas",500
05073,"Lafayette County, Arkansas",78
05075,"Lawrence County, Arkansas",166
05077,"Lee County, Arkansas",77
05079,"Lincoln County, Arkansas",197
05081,"Little River County, Arkansas",291
05083,"Logan County, Arkansas",588
05085,"Lonoke County, Arkansas",2997
05087,"Madison County, Arkansas",1045
05089,"Marion County, Arkansas",809
05091,"Miller County, Arkansas",1186
05093,"Mississippi County, Arkansas",659
05095,"Monroe County, Arkansas",80
05097,"Montgomery County, Arkansas",444
05099,"Nevada County, Arkansas",117
05101,"Newton County, Arkansas",321
05103,"Ouachita County, Arkansas",342
05105,"Perry County, Arkansas",261
05107,"Phillips County, Arkansas",149
05109,"Pike County, Arkansas",220
05111,"Poinsett County, Arkansas",246
05113,"Polk County, Arkansas",812
05115,"Pope County, Arkansas",2299
05117,"Prairie County, Arkansas",85
05119,"Pulaski County, Arkansas",23870
05121,"Randolph County, Arkansas",516
05123,"St. Francis County, Arkansas",189
05125,"Saline County, Arkansas",8612
05127,"Scott County, Arkansas",295
05129,"Searcy County, Arkansas",222
05131,"Sebastian County, Arkansas",5180
05133,"Sevier County, Arkansas",119
05135,"Sharp County, Arkansas",397
05137,"Stone County, Arkansas",299
05139,"Union County, Arkansas",1112
05141,"Van Buren County, Arkansas",340
05143,"Washington County, Arkansas",20168
05145,"White County, Arkansas",2207
05147,"Woodruff County, Arkansas",73
05149,"Yell County, Arkansas",508
06001,"Alameda County, California",242647
06003,"Alpine County, California",247
06005,"Amador County, California",8981
06007,"Butte County, California",28274
06009,"Calaveras County, California",10818
06011,"Colusa County, California",2996
06013,"Contra Costa County, California",220863
06015,"Del Norte County, California",2688
06017,"El Dorado County, California",47435
06019,"Fresno County, California",107991
06021,"Glenn County, California",3256
06023,"Humboldt County, California",20968
06025,"Imperial County, California",10709
06027,"Inyo County, California",2012
06029,"Kern County, California",79246
06031,"Kings County, California",11647
06033,"Lake County, California",7785
06035,"Lassen County, California",1905
06037,"Los Angeles County, California",1180328
06039,"Madera County, California",17930
06041,"Marin County, California",52999
06043,"Mariposa County, California",2929
06045,"Mendocino County, California",14405
06047,"Merced County, California",29043
06049,"Modoc County, California",640
06051,"Mono County, California",2057
06053,"Monterey County, California",54617
06055,"Napa County, California",23554
06057,"Nevada County, California",25543
06059,"Orange County, California",418219
06061,"Placer County, California",100878
06063,"Plumas County, California",2838
06065,"Riverside County, California",365611
06067,"Sacramento County, California",260085
06069,"San Benito County, California",11839
06071,"San Bernardino County, California",287571
06073,"San Diego County, California",444192
06075,"San Francisco County, California",53272
06077,"San Joaquin County, California",117132
06079,"San Luis Obispo County, California",51894
06081,"San Mateo County, California",121154
06083,"Santa Barbara County, California",56796
06085,"Santa Clara County, California",263240
06087,"Santa Cruz County, California",42934
06089,"Shasta County, California",24451
06091,"Sierra County, California",518
06093,"Siskiyou County, California",5129
06095,"Solano County, California",82346
06097,"Sonoma County, California",90818
06099,"Stanislaus County, California",79724
06101,"Sutter County, California",13574
06103,"Tehama County, California",7340
06105,"Trinity County, California",1898
06107,"Tulare County, California",38829
06109,"Tuolumne County, California",11025
06111,"Ventura County, California",133027
06113,"Yolo County, California",31179
06115,"Yuba County, California",10965
08001,"Adams County, Colorado",85772
08003,"Alamosa County, Colorado",952
08005,"Arapahoe County, Colorado",114696
08007,"Archuleta County, Colorado",2963
08009,"Baca County, Colorado",134
08011,"Bent County, Colorado",135
08013,"Boulder County, Colorado",63018
08014,"Broomfield County, Colorado",15386
08015,"Chaffee County, Colorado",5291
08017,"Cheyenne County, Colorado",143
08019,"Clear Creek County, Colorado",2987
08021,"Conejos County, Colorado",333
08023,"Costilla County, Colorado",191
08025,"Crowley County, Colorado",86
08027,"Custer County, Colorado",1137
08029,"Delta County, Colorado",4299
08031,"Denver County, Colorado",101939
08033,"Dolores County, Colorado",285
08035,"Douglas County, Colorado",91698
08037,"Eagle County, Colorado",6924
08039,"Elbert County, Colorado",8044
08041,"El Paso County, Colorado",130508
08043,"Fremont County, Colorado",5005
08045,"Garfield County, Colorado",8911
08047,"Gilpin County, Colorado",2167
08049,"Grand County, Colorado",3276
08051,"Gunnison County, Colorado",3587
08053,"Hinsdale County, Colorado",254
08055,"Huerfano County, Colorado",786
08057,"Jackson County, Colorado",167
08059,"Jefferson County, Colorado",131939
08061,"Kiowa County, Colorado",55
08063,"Kit Carson County, Colorado",512
08065,"Lake County, Colorado",1193
08067,"La Plata County, Colorado",9953
08069,"Larimer County, Colorado",74310
08071,"Las Animas County, Colorado",1324
08073,"Lincoln County, Colorado",370
08075,"Logan County, Colorado",1431
08077,"Mesa County, Colorado",24668
08079,"Mineral County, Colorado",197
08081,"Moffat County, Colorado",1078
08083,"Montezuma County, Colorado",3382
08085,"Montrose County, Colorado",6336
08087,"Morgan County, Colorado",3113
08089,"Otero County, Colorado",705
08091,"Ouray County, Colorado",1450
08093,"Park County, Colorado",6245
08095,"Phillips County, Colorado",468
08097,"Pitkin County, Colorado",2677
08099,"Prowers County, Colorado",396
08101,"Pueblo County, Colorado",18226
08103,"Rio Blanco County, Colorado",684
08105,"Rio Grande County, Colorado",785
08107,"Routt County, Colorado",4662
08109,"Saguache County, Colorado",685
08111,"San Juan County, Colorado",85
08113,"San Miguel County, Colorado",1331
08115,"Sedgwick County, Colorado",98
08117,"Summit County, Colorado",4986
08119,"Teller County, Colorado",6153
08121,"Washington County, Colorado",452
08123,"Weld County, Colorado",64225
08125,"Yuma County, Colorado",749
09110,"Capitol Planning Region, Connecticut",105241
09120,"Greater Bridgeport Planning Region, Connecticut",41265
09130,"Lower Connecticut River Valley Planning Region, Connecticut",31839
09140,"Naugatuck Valley Planning Region, Connecticut",46975
09150,"Northeastern Connecticut Planning Region, Connecticut",11561
09160,"Northwest Hills Planning Region, Connecticut",16957
09170,"South Central Connecticut Planning Region, Connecticut",63718
09180,"Southeastern Connecticut Planning Region, Connecticut",31010
09190,"Western Connecticut Planning Region, Connecticut",107873
10001,"Kent County, Delaware",19269
10003,"New Castle County, Delaware",63321
10005,"Sussex County, Delaware",38907
11001,"District of Columbia, District of Columbia",29302
12001,"Alachua County, Florida",20822
12003,"Baker County, Florida",1610
12005,"Bay County, Florida",17171
12007,"Bradford County, Florida",1053
12009,"Brevard County, Florida",79669
12011,"Broward County, Florida",184391
12013,"Calhoun County, Florida",276
12015,"Charlotte County, Florida",27614
12017,"Citrus County, Florida",14354
12019,"Clay County, Florida",22925
12021,"Collier County, Florida",56029
12023,"Columbia County, Florida",2643
12027,"DeSoto County, Florida",937
12029,"Dixie County, Florida",151
12031,"Duval County, Florida",87021
12033,"Escambia County, Florida",24257
12035,"Flagler County, Florida",21127
12037,"Franklin County, Florida",1316
12039,"Gadsden County, Florida",1527
12041,"Gilchrist County, Florida",742
12043,"Glades County, Florida",303
12045,"Gulf County, Florida",1278
12047,"Hamilton County, Florida",285
12049,"Hardee County, Florida",876
12051,"Hendry County, Florida",1526
12053,"Hernando County, Florida",17138
12055,"Highlands County, Florida",5350
12057,"Hillsborough County, Florida",159802
12059,"Holmes County, Florida",345
12061,"Indian River County, Florida",22543
12063,"Jackson County, Florida",1002
12065,"Jefferson County, Florida",851
12067,"Lafayette County, Florida",121
12069,"Lake County, Florida",45763
12071,"Lee County, Florida",91416
12073,"Leon County, Florida",23379
12075,"Levy County, Florida",1892
12077,"Liberty County, Florida",209
12079,"Madison County, Florida",555
12081,"Manatee County, Florida",53528
12083,"Marion County, Florida",27739
12085,"Martin County, Florida",22669
12086,"Miami-Dade County, Florida",245791
12087,"Monroe County, Florida",15090
12089,"Nassau County, Florida",14522
12091,"Okaloosa County, Florida",27536
12093,"Okeechobee County, Florida",1397
12095,"Orange County, Florida",153072
12097,"Osceola County, Florida",38970
12099,"Palm Beach County, Florida",174411
12101,"Pasco County, Florida",55806
12103,"Pinellas County, Florida",104426
12105,"Polk County, Florida",48904
12107,"Putnam County, Florida",2194
12109,"St. Johns County, Florida",58548
12111,"St. Lucie County, Florida",44061
12113,"Santa Rosa County, Florida",25988
12115,"Sarasota County, Florida",73064
12117,"Seminole County, Florida",64827
12119,"Sumter County, Florida",32928
12121,"Suwannee County, Florida",1071
12123,"Taylor County, Florida",380
12125,"Union County, Florida",336
12127,"Volusia County, Florida",59863
12129,"Wakulla County, Florida",1983
12131,"Walton County, Florida",11287
12133,"Washington County, Florida",921
13001,"Appling County, Georgia",339
13003,"Atkinson County, Georgia",93
13005,"Bacon County, Georgia",86
13007,"Baker County, Georgia",33
13009,"Baldwin County, Georgia",1755
13011,"Banks County, Georgia",1422
13013,"Barrow County, Georgia",7814
13015,"Bartow County, Georgia",9956
13017,"Ben Hill County, Georgia",240
13019,"Berrien County, Georgia",350
13021,"Bibb County, Georgia",5483
13023,"Bleckley County, Georgia",261
13025,"Brantley County, Georgia",163
13027,"Brooks County, Georgia",339
13029,"Bryan County, Georgia",5323
13031,"Bulloch County, Georgia",2984
13033,"Burke County, Georgia",579
13035,"Butts County, Georgia",1837
13037,"Calhoun County, Georgia",25
13039,"Camden County, Georgia",3683
13043,"Candler County, Georgia",260
13045,"Carroll County, Georgia",7895
13047,"Catoosa County, Georgia",4247
13049,"Charlton County, Georgia",355
13051,"Chatham County, Georgia",25733
13053,"Chattahoochee County, Georgia",84
13055,"Chattooga County, Georgia",386
13057,"Cherokee County, Georgia",50530
13059,"Clarke County, Georgia",8349
13061,"Clay County, Georgia",82
13063,"Clayton County, Georgia",7407
13065,"Clinch County, Georgia",143
13067,"Cobb County, Georgia",114310
13069,"Coffee County, Georgia",767
13071,"Colquitt County, Georgia",878
13073,"Columbia County, Georgia",17615
13075,"Cook County, Georgia",421
13077,"Coweta County, Georgia",22243
13079,"Crawford County, Georgia",356
13081,"Crisp County, Georgia",529
13083,"Dade County, Georgia",832
13085,"Dawson County, Georgia",4542
13087,"Decatur County, Georgia",673
13089,"DeKalb County, Georgia",77033
13091,"Dodge County, Georgia",328
13093,"Dooly County, Georgia",153
13095,"Dougherty County, Georgia",1576
13097,"Douglas County, Georgia",13000
13099,"Early County, Georgia",330
13101,"Echols County, Georgia",87
13103,"Effingham County, Georgia",5313
13105,"Elbert County, Georgia",640
13107,"Emanuel County, Georgia",283
13109,"Evans County, Georgia",301
13111,"Fannin County, Georgia",3403
13113,"Fayette County, Georgia",24095
13115,"Floyd County, Georgia",5139
13117,"Forsyth County, Georgia",58284
13119,"Franklin County, Georgia",992
13121,"Fulton County, Georgia",125201
13123,"Gilmer County, Georgia",3817
13125,"Glascock County, Georgia",124
13127,"Glynn County, Georgia",8763
13129,"Gordon County, Georgia",2966
13131,"Grady County, Georgia",736
13133,"Greene County, Georgia",2828
13135,"Gwinnett County, Georgia",121729
13137,"Habersham County, Georgia",2635
13139,"Hall County, Georgia",23138
13141,"Hancock County, Georgia",197
13143,"Haralson County, Georgia",2056
13145,"Harris County, Georgia",4616
13147,"Hart County, Georgia",1667
13149,"Heard County, Georgia",542
13151,"Henry County, Georgia",25138
13153,"Houston County, Georgia",9444
13155,"Irwin County, Georgia",222
13157,"Jackson County, Georgia",10465
13159,"Jasper County, Georgia",1323
13161,"Jeff Davis County, Georgia",248
13163,"Jefferson County, Georgia",189
13165,"Jenkins County, Georgia",178
13167,"Johnson County, Georgia",74
13169,"Jones County, Georgia",944
13171,"Lamar County, Georgia",1305
13173,"Lanier County, Georgia",177
13175,"Laurens County, Georgia",1498
13177,"Lee County, Georgia",1954
13179,"Liberty County, Georgia",1591
13181,"Lincoln County, Georgia",431
13183,"Long County, Georgia",420
13185,"Lowndes County, Georgia",4819
13187,"Lumpkin County, Georgia",3198
13189,"McDuffie County, Georgia",600
13191,"McIntosh County, Georgia",672
13193,"Macon County, Georgia",168
13195,"Madison County, Georgia",1269
13197,"Marion County, Georgia",195
13199,"Meriwether County, Georgia",687
13201,"Miller County, Georgia",33
13205,"Mitchell County, Georgia",337
13207,"Monroe County, Georgia",2684
13209,"Montgomery County, Georgia",153
13211,"Morgan County, Georgia",2732
13213,"Murray County, Georgia",1513
13215,"Muscogee County, Georgia",7599
13217,"Newton County, Georgia",8716
13219,"Oconee County, Georgia",8720
13221,"Oglethorpe County, Georgia",777
13223,"Paulding County, Georgia",20989
13225,"Peach County, Georgia",1164
13227,"Pickens County, Georgia",4259
13229,"Pierce County, Georgia",507
13231,"Pike County, Georgia",2074
13233,"Polk County, Georgia",1438
13235,"Pulaski County, Georgia",258
13237,"Putnam County, Georgia",1937
13239,"Quitman County, Georgia",25
13241,"Rabun County, Georgia",1976
13243,"Randolph County, Georgia",43
13245,"Richmond County, Georgia",5289
13247,"Rockdale County, Georgia",7202
13249,"Schley County, Georgia",77
13251,"Screven County, Georgia",363
13253,"Seminole County, Georgia",115
13255,"Spalding County, Georgia",3624
13257,"Stephens County, Georgia",1291
13259,"Stewart County, Georgia",46
13261,"Sumter County, Georgia",474
13263,"Talbot County, Georgia",268
13265,"Taliaferro County, Georgia",14
13267,"Tattnall County, Georgia",365
13269,"Taylor County, Georgia",135
13271,"Telfair County, Georgia",197
13273,"Terrell County, Georgia",164
13275,"Thomas County, Georgia",1990
13277,"Tift County, Georgia",1044
13279,"Toombs County, Georgia",621
13281,"Towns County, Georgia",2075
13283,"Treutlen County, Georgia",91
13285,"Troup County, Georgia",3525
13287,"Turner County, Georgia",97
13289,"Twiggs County, Georgia",172
13291,"Union County, Georgia",3228
13293,"Upson County, Georgia",1062
13295,"Walker County, Georgia",3634
13297,"Walton County, Georgia",13187
13299,"Ware County, Georgia",424
13301,"Warren County, Georgia",92
13303,"Washington County, Georgia",423
13305,"Wayne County, Georgia",768
13307,"Webster County, Georgia",24
13309,"Wheeler County, Georgia",14
13311,"White County, Georgia",2496
13313,"Whitfield County, Georgia",4711
13315,"Wilcox County, Georgia",85
13317,"Wilkes County, Georgia",317
13319,"Wilkinson County, Georgia",93
13321,"Worth County, Georgia",344
15001,"Hawaii County, Hawaii",37182
15003,"Honolulu County, Hawaii",121657
15005,"Kalawao County, Hawaii",0
15007,"Kauai County, Hawaii",13006
15009,"Maui County, Hawaii",25881
16001,"Ada County, Idaho",107579
16003,"Adams County, Idaho",724
16005,"Bannock County, Idaho",8320
16007,"Bear Lake County, Idaho",671
16009,"Benewah County, Idaho",940
16011,"Bingham County, Idaho",4438
16013,"Blaine County, Idaho",4781
16015,"Boise County, Idaho",1789
16017,"Bonner County, Idaho",8624
16019,"Bonneville County, Idaho",15668
16021,"Boundary County, Idaho",1977
16023,"Butte County, Idaho",130
16025,"Camas County, Idaho",94
16027,"Canyon County, Idaho",35608
16029,"Caribou County, Idaho",444
16031,"Cassia County, Idaho",2149
16033,"Clark County, Idaho",39
16035,"Clearwater County, Idaho",840
16037,"Custer County, Idaho",532
16039,"Elmore County, Idaho",2824
16041,"Franklin County, Idaho",1773
16043,"Fremont County, Idaho",1507
16045,"Gem County, Idaho",3189
16047,"Gooding County, Idaho",1059
16049,"Idaho County, Idaho",2105
16051,"Jefferson County, Idaho",4092
16053,"Jerome County, Idaho",2076
16055,"Kootenai County, Idaho",34603
16057,"Latah County, Idaho",4845
16059,"Lemhi County, Idaho",1041
16061,"Lewis County, Idaho",246
16063,"Lincoln County, Idaho",294
16065,"Madison County, Idaho",2869
16067,"Minidoka County, Idaho",1756
16069,"Nez Perce County, Idaho",5188
16071,"Oneida County, Idaho",478
16073,"Owyhee County, Idaho",1110
16075,"Payette County, Idaho",3175
16077,"Power County, Idaho",520
16079,"Shoshone County, Idaho",1050
16081,"Teton County, Idaho",2746
16083,"Twin Falls County, Idaho",10067
16085,"Valley County, Idaho",2193
16087,"Washington County, Idaho",934
17001,"Adams County, Illinois",2650
17003,"Alexander County, Illinois",63
17005,"Bond County, Illinois",542
17007,"Boone County, Illinois",3217
17009,"Brown County, Illinois",114
17011,"Bureau County, Illinois",786
17013,"Calhoun County, Illinois",154
17015,"Carroll County, Illinois",539
17017,"Cass County, Illinois",275
17019,"Champaign County, Illinois",9308
17021,"Christian County, Illinois",842
17023,"Clark County, Illinois",510
17025,"Clay County, Illinois",381
17027,"Clinton County, Illinois",1841
17029,"Coles County, Illinois",1166
17031,"Cook County, Illinois",392212
17033,"Crawford County, Illinois",647
17035,"Cumberland County, Illinois",358
17037,"DeKalb County, Illinois",5178
17039,"De Witt County, Illinois",669
17041,"Douglas County, Illinois",626
17043,"DuPage County, Illinois",131168
17045,"Edgar County, Illinois",283
17047,"Edwards County, Illinois",139
17049,"Effingham County, Illinois",2010
17051,"Fayette County, Illinois",597
17053,"Ford County, Illinois",293
17055,"Franklin County, Illinois",705
17057,"Fulton County, Illinois",761
17059,"Gallatin County, Illinois",85
17061,"Greene County, Illinois",234
17063,"Grundy County, Illinois",4905
17065,"Hamilton County, Illinois",293
17067,"Hancock County, Illinois",482
17069,"Hardin County, Illinois",78
17071,"Henderson County, Illinois",73
17073,"Henry County, Illinois",1917
17075,"Iroquois County, Illinois",842
17077,"Jackson County, Illinois",1244
17079,"Jasper County, Illinois",443
17081,"Jefferson County, Illinois",648
17083,"Jersey County, Illinois",1130
17085,"Jo Daviess County, Illinois",1906
17087,"Johnson County, Illinois",319
17089,"Kane County, Illinois",59108
17091,"Kankakee County, Illinois",4592
17093,"Kendall County, Illinois",15338
17095,"Knox County, Illinois",1097
17097,"Lake County, Illinois",85343
17099,"LaSalle County, Illinois",4270
17101,"Lawrence County, Illinois",187
17103,"Lee County, Illinois",1264
17105,"Livingston County, Illinois",984
17107,"Logan County, Illinois",638
17109,"McDonough County, Illinois",445
17111,"McHenry County, Illinois",38175
17113,"McLean County, Illinois",8806
17115,"Macon County, Illinois",2966
17117,"Macoupin County, Illinois",1134
17119,"Madison County, Illinois",14660
17121,"Marion County, Illinois",737
17123,"Marshall County, Illinois",402
17125,"Mason County, Illinois",155
17127,"Massac County, Illinois",359
17129,"Menard County, Illinois",845
17131,"Mercer County, Illinois",462
17133,"Monroe County, Illinois",4463
17135,"Montgomery County, Illinois",710
17137,"Morgan County, Illinois",710
17139,"Moultrie County, Illinois",482
17141,"Ogle County, Illinois",2387
17143,"Peoria County, Illinois",7591
17145,"Perry County, Illinois",280
17147,"Piatt County, Illinois",1081
17149,"Pike County, Illinois",320
17151,"Pope County, Illinois",108
17153,"Pulaski County, Illinois",42
17155,"Putnam County, Illinois",253
17157,"Randolph County, Illinois",829
17159,"Richland County, Illinois",323
17161,"Rock Island County, Illinois",4208
17163,"St. Clair County, Illinois",11862
17165,"Saline County, Illinois",321
17167,"Sangamon County, Illinois",9565
17169,"Schuyler County, Illinois",204
17171,"Scott County, Illinois",94
17173,"Shelby County, Illinois",867
17175,"Stark County, Illinois",104
17177,"Stephenson County, Illinois",1323
17179,"Tazewell County, Illinois",5719
17181,"Union County, Illinois",672
17183,"Vermilion County, Illinois",978
17185,"Wabash County, Illinois",218
17187,"Warren County, Illinois",442
17189,"Washington County, Illinois",504
17191,"Wayne County, Illinois",354
17193,"White County, Illinois",211
17195,"Whiteside County, Illinois",1421
17197,"Will County, Illinois",83147
17199,"Williamson County, Illinois",2475
17201,"Winnebago County, Illinois",6335
17203,"Woodford County, Illinois",2593
18001,"Adams County, Indiana",1860
18003,"Allen County, Indiana",22341
18005,"Bartholomew County, Indiana",6019
18007,"Benton County, Indiana",216
18009,"Blackford County, Indiana",134
18011,"Boone County, Indiana",12107
18013,"Brown County, Indiana",2124
18015,"Carroll County, Indiana",1280
18017,"Cass County, Indiana",706
18019,"Clark County, Indiana",7629
18021,"Clay County, Indiana",725
18023,"Clinton County, Indiana",1124
18025,"Crawford County, Indiana",351
18027,"Daviess County, Indiana",1414
18029,"Dearborn County, Indiana",4478
18031,"Decatur County, Indiana",1295
18033,"DeKalb County, Indiana",2471
18035,"Delaware County, Indiana",2377
18037,"Dubois County, Indiana",3049
18039,"Elkhart County, Indiana",9964
18041,"Fayette County, Indiana",483
18043,"Floyd County, Indiana",6997
18045,"Fountain County, Indiana",459
18047,"Franklin County, Indiana",2421
18049,"Fulton County, Indiana",1057
18051,"Gibson County, Indiana",1454
18053,"Grant County, Indiana",1523
18055,"Greene County, Indiana",1108
18057,"Hamilton County, Indiana",64419
18059,"Hancock County, Indiana",8872
18061,"Harrison County, Indiana",3126
18063,"Hendricks County, Indiana",21179
18065,"Henry County, Indiana",1678
18067,"Howard County, Indiana",2557
18069,"Huntington County, Indiana",1850
18071,"Jackson County, Indiana",1680
18073,"Jasper County, Indiana",1955
18075,"Jay County, Indiana",727
18077,"Jefferson County, Indiana",1441
18079,"Jennings County, Indiana",870
18081,"Johnson County, Indiana",16331
18083,"Knox County, Indiana",899
18085,"Kosciusko County, Indiana",5088
18087,"LaGrange County, Indiana",3813
18089,"Lake County, Indiana",31799
18091,"LaPorte County, Indiana",6093
18093,"Lawrence County, Indiana",2318
18095,"Madison County, Indiana",4129
18097,"Marion County, Indiana",46623
18099,"Marshall County, Indiana",2524
18101,"Martin County, Indiana",449
18103,"Miami County, Indiana",846
18105,"Monroe County, Indiana",10820
18107,"Montgomery County, Indiana",1588
18109,"Morgan County, Indiana",5711
18111,"Newton County, Indiana",498
18113,"Noble County, Indiana",3063
18115,"Ohio County, Indiana",452
18117,"Orange County, Indiana",645
18119,"Owen County, Indiana",836
18121,"Parke County, Indiana",713
18123,"Perry County, Indiana",850
18125,"Pike County, Indiana",426
18127,"Porter County, Indiana",18732
18129,"Posey County, Indiana",2036
18131,"Pulaski County, Indiana",230
18133,"Putnam County, Indiana",2341
18135,"Randolph County, Indiana",571
18137,"Ripley County, Indiana",1842
18139,"Rush County, Indiana",837
18141,"St. Joseph County, Indiana",13259
18143,"Scott County, Indiana",703
18145,"Shelby County, Indiana",2694
18147,"Spencer County, Indiana",1107
18149,"Starke County, Indiana",866
18151,"Steuben County, Indiana",3064
18153,"Sullivan County, Indiana",632
18155,"Switzerland County, Indiana",508
18157,"Tippecanoe County, Indiana",10591
18159,"Tipton County, Indiana",833
18161,"Union County, Indiana",239
18163,"Vanderburgh County, Indiana",7949
18165,"Vermillion County, Indiana",239
18167,"Vigo County, Indiana",2718
18169,"Wabash County, Indiana",1155
18171,"Warren County, Indiana",373
18173,"Warrick County, Indiana",5910
18175,"Washington County, Indiana",1110
18177,"Wayne County, Indiana",1716
18179,"Wells County, Indiana",1473
18181,"White County, Indiana",1144
18183,"Whitley County, Indiana",2691
19001,"Adair County, Iowa",370
19003,"Adams County, Iowa",190
19005,"Allamakee County, Iowa",840
19007,"Appanoose County, Iowa",388
19009,"Audubon County, Iowa",234
19011,"Benton County, Iowa",2139
19013,"Black Hawk County, Iowa",6275
19015,"Boone County, Iowa",2172
19017,"Bremer County, Iowa",1832
19019,"Buchanan County, Iowa",1069
19021,"Buena Vista County, Iowa",759
19023,"Butler County, Iowa",759
19025,"Calhoun County, Iowa",503
19027,"Carroll County, Iowa",1149
19029,"Cass County, Iowa",601
19031,"Cedar County, Iowa",1449
19033,"Cerro Gordo County, Iowa",2501
19035,"Cherokee County, Iowa",449
19037,"Chickasaw County, Iowa",609
19039,"Clarke County, Iowa",497
19041,"Clay County, Iowa",919
19043,"Clayton County, Iowa",866
19045,"Clinton County, Iowa",2019
19047,"Crawford County, Iowa",435
19049,"Dallas County, Iowa",13555
19051,"Davis County, Iowa",379
19053,"Decatur County, Iowa",285
19055,"Delaware County, Iowa",1289
19057,"Des Moines County, Iowa",1404
19059,"Dickinson County, Iowa",2372
19061,"Dubuque County, Iowa",8219
19063,"Emmet County, Iowa",244
19065,"Fayette County, Iowa",732
19067,"Floyd County, Iowa",585
19069,"Franklin County, Iowa",229
19071,"Fremont County, Iowa",380
19073,"Greene County, Iowa",279
19075,"Grundy County, Iowa",720
19077,"Guthrie County, Iowa",803
19079,"Hamilton County, Iowa",690
19081,"Hancock County, Iowa",372
19083,"Hardin County, Iowa",414
19085,"Harrison County, Iowa",856
19087,"Henry County, Iowa",808
19089,"Howard County, Iowa",401
19091,"Humboldt County, Iowa",429
19093,"Ida County, Iowa",282
19095,"Iowa County, Iowa",974
19097,"Jackson County, Iowa",1239
19099,"Jasper County, Iowa",2138
19101,"Jefferson County, Iowa",526
19103,"Johnson County, Iowa",13124
19105,"Jones County, Iowa",1489
19107,"Keokuk County, Iowa",372
19109,"Kossuth County, Iowa",818
19111,"Lee County, Iowa",906
19113,"Linn County, Iowa",14509
19115,"Louisa County, Iowa",477
19117,"Lucas County, Iowa",353
19119,"Lyon County, Iowa",1038
19121,"Madison County, Iowa",1910
19123,"Mahaska County, Iowa",801
19125,"Marion County, Iowa",2719
19127,"Marshall County, Iowa",1157
19129,"Mills County, Iowa",1442
19131,"Mitchell County, Iowa",684
19133,"Monona County, Iowa",325
19135,"Monroe County, Iowa",357
19137,"Montgomery County, Iowa",340
19139,"Muscatine County, Iowa",2051
19141,"O'Brien County, Iowa",659
19143,"Osceola County, Iowa",277
19145,"Page County, Iowa",475
19147,"Palo Alto County, Iowa",378
19149,"Plymouth County, Iowa",2093
19151,"Pocahontas County, Iowa",165
19153,"Polk County, Iowa",41112
19155,"Pottawattamie County, Iowa",5754
19157,"Poweshiek County, Iowa",1033
19159,"Ringgold County, Iowa",305
19161,"Sac County, Iowa",393
19163,"Scott County, Iowa",13661
19165,"Shelby County, Iowa",551
19167,"Sioux County, Iowa",2991
19169,"Story County, Iowa",6273
19171,"Tama County, Iowa",598
19173,"Taylor County, Iowa",210
19175,"Union County, Iowa",346
19177,"Van Buren County, Iowa",316
19179,"Wapello County, Iowa",925
19181,"Warren County, Iowa",5815
19183,"Washington County, Iowa",1448
19185,"Wayne County, Iowa",234
19187,"Webster County, Iowa",1305
19189,"Winnebago County, Iowa",358
19191,"Winneshiek County, Iowa",2127
19193,"Woodbury County, Iowa",3955
19195,"Worth County, Iowa",347
19197,"Wright County, Iowa",296
20001,"Allen County, Kansas",198
20003,"Anderson County, Kansas",215
20005,"Atchison County, Kansas",548
20007,"Barber County, Kansas",63
20009,"Barton County, Kansas",549
20011,"Bourbon County, Kansas",308
20013,"Brown County, Kansas",301
20015,"Butler County, Kansas",4322
20017,"Chase County, Kansas",68
20019,"Chautauqua County, Kansas",84
20021,"Cherokee County, Kansas",344
20023,"Cheyenne County, Kansas",61
20025,"Clark County, Kansas",23
20027,"Clay County, Kansas",260
20029,"Cloud County, Kansas",243
20031,"Coffey County, Kansas",387
20033,"Comanche County, Kansas",4
20035,"Cowley County, Kansas",730
20037,"Crawford County, Kansas",936
20039,"Decatur County, Kansas",27
20041,"Dickinson County, Kansas",656
20043,"Doniphan County, Kansas",301
20045,"Douglas County, Kansas",10054
20047,"Edwards County, Kansas",88
20049,"Elk County, Kansas",72
20051,"Ellis County, Kansas",1843
20053,"Ellsworth County, Kansas",176
20055,"Finney County, Kansas",1293
20057,"Ford County, Kansas",1180
20059,"Franklin County, Kansas",1663
20061,"Geary County, Kansas",611
20063,"Gove County, Kansas",95
20065,"Graham County, Kansas",50
20067,"Grant County, Kansas",235
20069,"Gray County, Kansas",254
20071,"Greeley County, Kansas",31
20073,"Greenwood County, Kansas",228
20075,"Hamilton County, Kansas",88
20077,"Harper County, Kansas",73
20079,"Harvey County, Kansas",1493
20081,"Haskell County, Kansas",158
20083,"Hodgeman County, Kansas",42
20085,"Jackson County, Kansas",761
20087,"Jefferson County, Kansas",1360
20089,"Jewell County, Kansas",73
20091,"Johnson County, Kansas",101698
20093,"Kearny County, Kansas",133
20095,"Kingman County, Kansas",282
20097,"Kiowa County, Kansas",93
20099,"Labette County, Kansas",503
20101,"Lane County, Kansas",37
20103,"Leavenworth County, Kansas",7583
20105,"Lincoln County, Kansas",64
20107,"Linn County, Kansas",641
20109,"Logan County, Kansas",49
20111,"Lyon County, Kansas",1000
20113,"McPherson County, Kansas",1741
20115,"Marion County, Kansas",364
20117,"Marshall County, Kansas",481
20119,"Meade County, Kansas",131
20121,"Miami County, Kansas",4289
20123,"Mitchell County, Kansas",200
20125,"Montgomery County, Kansas",534
20127,"Morris County, Kansas",177
20129,"Morton County, Kansas",16
20131,"Nemaha County, Kansas",791
20133,"Neosho County, Kansas",322
20135,"Ness County, Kansas",96
20137,"Norton County, Kansas",141
20139,"Osage County, Kansas",689
20141,"Osborne County, Kansas",73
20143,"Ottawa County, Kansas",334
20145,"Pawnee County, Kansas",80
20147,"Phillips County, Kansas",136
20149,"Pottawatomie County, Kansas",1949
20151,"Pratt County, Kansas",315
20153,"Rawlins County, Kansas",46
20155,"Reno County, Kansas",1511
20157,"Republic County, Kansas",112
20159,"Rice County, Kansas",179
20161,"Riley County, Kansas",3159
20163,"Rooks County, Kansas",108
20165,"Rush County, Kansas",94
20167,"Russell County, Kansas",293
20169,"Saline County, Kansas",2185
20171,"Scott County, Kansas",231
20173,"Sedgwick County, Kansas",25047
20175,"Seward County, Kansas",203
20177,"Shawnee County, Kansas",8090
20179,"Sheridan County, Kansas",122
20181,"Sherman County, Kansas",166
20183,"Smith County, Kansas",83
20185,"Stafford County, Kansas",171
20187,"Stanton County, Kansas",6
20189,"Stevens County, Kansas",122
20191,"Sumner County, Kansas",690
20193,"Thomas County, Kansas",408
20195,"Trego County, Kansas",65
20197,"Wabaunsee County, Kansas",449
20199,"Wallace County, Kansas",52
20201,"Washington County, Kansas",233
20203,"Wichita County, Kansas",73
20205,"Wilson County, Kansas",187
20207,"Woodson County, Kansas",72
20209,"Wyandotte County, Kansas",4258
21001,"Adair County, Kentucky",573
21003,"Allen County, Kentucky",981
21005,"Anderson County, Kentucky",1651
21007,"Ballard County, Kentucky",327
21009,"Barren County, Kentucky",1836
21011,"Bath County, Kentucky",184
21013,"Bell County, Kentucky",183
21015,"Boone County, Kentucky",11779
21017,"Bourbon County, Kentucky",1402
21019,"Boyd County, Kentucky",1153
21021,"Boyle County, Kentucky",1929
21023,"Bracken County, Kentucky",226
21025,"Breathitt County, Kentucky",137
21027,"Breckinridge County, Kentucky",610
21029,"Bullitt County, Kentucky",7114
21031,"Butler County, Kentucky",308
21033,"Caldwell County, Kentucky",401
21035,"Calloway County, Kentucky",1435
21037,"Campbell County, Kentucky",7714
21039,"Carlisle County, Kentucky",221
21041,"Carroll County, Kentucky",245
21043,"Carter County, Kentucky",669
21045,"Casey County, Kentucky",483
21047,"Christian County, Kentucky",1827
21049,"Clark County, Kentucky",2398
21051,"Clay County, Kentucky",229
21053,"Clinton County, Kentucky",188
21055,"Crittenden County, Kentucky",209
21057,"Cumberland County, Kentucky",133
21059,"Daviess County, Kentucky",5084
21061,"Edmonson County, Kentucky",341
21063,"Elliott County, Kentucky",92
21065,"Estill County, Kentucky",230
21067,"Fayette County, Kentucky",28660
21069,"Fleming County, Kentucky",462
21071,"Floyd County, Kentucky",312
21073,"Franklin County, Kentucky",3010
21075,"Fulton County, Kentucky",110
21077,"Gallatin County, Kentucky",318
21079,"Garrard County, Kentucky",1017
21081,"Grant County, Kentucky",1167
21083,"Graves County, Kentucky",1250
21085,"Grayson County, Kentucky",1101
21087,"Green County, Kentucky",397
21089,"Greenup County, Kentucky",895
21091,"Hancock County, Kentucky",234
21093,"Hardin County, Kentucky",6916
21095,"Harlan County, Kentucky",216
21097,"Harrison County, Kentucky",925
21099,"Hart County, Kentucky",535
21101,"Henderson County, Kentucky",1752
21103,"Henry County, Kentucky",1065
21105,"Hickman County, Kentucky",60
21107,"Hopkins County, Kentucky",1025
21109,"Jackson County, Kentucky",241
21111,"Jefferson County, Kentucky",62951
21113,"Jessamine County, Kentucky",4865
21115,"Johnson County, Kentucky",460
21117,"Kenton County, Kentucky",12596
21119,"Knott County, Kentucky",142
21121,"Knox County, Kentucky",451
21123,"Larue County, Kentucky",852
21125,"Laurel County, Kentucky",1552
21127,"Lawrence County, Kentucky",273
21129,"Lee County, Kentucky",61
21131,"Leslie County, Kentucky",46
21133,"Letcher County, Kentucky",184
21135,"Lewis County, Kentucky",132
21137,"Lincoln County, Kentucky",718
21139,"Livingston County, Kentucky",322
21141,"Logan County, Kentucky",1158
21143,"Lyon County, Kentucky",600
21145,"McCracken County, Kentucky",3392
21147,"McCreary County, Kentucky",125
21149,"McLean County, Kentucky",249
21151,"Madison County, Kentucky",5456
21153,"Magoffin County, Kentucky",160
21155,"Marion County, Kentucky",735
21157,"Marshall County, Kentucky",1769
21159,"Martin County, Kentucky",0
21161,"Mason County, Kentucky",660
21163,"Meade County, Kentucky",1273
21165,"Menifee County, Kentucky",17
21167,"Mercer County, Kentucky",1468
21169,"Metcalfe County, Kentucky",143
21171,"Monroe County, Kentucky",421
21173,"Montgomery County, Kentucky",898
21175,"Morgan County, Kentucky",253
21177,"Muhlenberg County, Kentucky",760
21179,"Nelson County, Kentucky",3926
21181,"Nicholas County, Kentucky",145
21183,"Ohio County, Kentucky",555
21185,"Oldham County, Kentucky",12634
21187,"Owen County, Kentucky",418
21189,"Owsley County, Kentucky",22
21191,"Pendleton County, Kentucky",502
21193,"Perry County, Kentucky",411
21195,"Pike County, Kentucky",1035
21197,"Powell County, Kentucky",342
21199,"Pulaski County, Kentucky",2282
21201,"Robertson County, Kentucky",88
21203,"Rockcastle County, Kentucky",338
21205,"Rowan County, Kentucky",560
21207,"Russell County, Kentucky",621
21209,"Scott County, Kentucky",5992
21211,"Shelby County, Kentucky",5607
21213,"Simpson County, Kentucky",1085
21215,"Spencer County, Kentucky",2896
21217,"Taylor County, Kentucky",813
21219,"Todd County, Kentucky",415
21221,"Trigg County, Kentucky",935
21223,"Trimble County, Kentucky",372
21225,"Union County, Kentucky",291
21227,"Warren County, Kentucky",9307
21229,"Washington County, Kentucky",667
21231,"Wayne County, Kentucky",632
21233,"Webster County, Kentucky",309
21235,"Whitley County, Kentucky",605
21237,"Wolfe County, Kentucky",79
21239,"Woodford County, Kentucky",3069
22001,"Acadia Parish, Louisiana",2151
22003,"Allen Parish, Louisiana",428
22005,"Ascension Parish, Louisiana",12542
22007,"Assumption Parish, Louisiana",780
22009,"Avoyelles Parish, Louisiana",1033
22011,"Beauregard Parish, Louisiana",1407
22013,"Bienville Parish, Louisiana",150
22015,"Bossier Parish, Louisiana",7330
22017,"Caddo Parish, Louisiana",10172
22019,"Calcasieu Parish, Louisiana",11912
22021,"Caldwell Parish, Louisiana",162
22023,"Cameron Parish, Louisiana",138
22025,"Catahoula Parish, Louisiana",120
22027,"Claiborne Parish, Louisiana",190
22029,"Concordia Parish, Louisiana",290
22031,"De Soto Parish, Louisiana",1043
22033,"East Baton Rouge Parish, Louisiana",33829
22035,"East Carroll Parish, Louisiana",107
22037,"East Feliciana Parish, Louisiana",1255
22039,"Evangeline Parish, Louisiana",884
22041,"Franklin Parish, Louisiana",455
22043,"Grant Parish, Louisiana",574
22045,"Iberia Parish, Louisiana",1918
22047,"Iberville Parish, Louisiana",1273
22049,"Jackson Parish, Louisiana",379
22051,"Jefferson Parish, Louisiana",33554
22053,"Jefferson Davis Parish, Louisiana",929
22055,"Lafayette Parish, Louisiana",17963
22057,"Lafourche Parish, Louisiana",4703
22059,"LaSalle Parish, Louisiana",340
22061,"Lincoln Parish, Louisiana",2229
22063,"Livingston Parish, Louisiana",8211
22065,"Madison Parish, Louisiana",195
22067,"Morehouse Parish, Louisiana",504
22069,"Natchitoches Parish, Louisiana",1158
22071,"Orleans Parish, Louisiana",31304
22073,"Ouachita Parish, Louisiana",6155
22075,"Plaquemines Parish, Louisiana",1850
22077,"Pointe Coupee Parish, Louisiana",1128
22079,"Rapides Parish, Louisiana",5471
22081,"Red River Parish, Louisiana",113
22083,"Richland Parish, Louisiana",677
22085,"Sabine Parish, Louisiana",676
22087,"St. Bernard Parish, Louisiana",1437
22089,"St. Charles Parish, Louisiana",5246
22091,"St. Helena Parish, Louisiana",238
22093,"St. James Parish, Louisiana",1256
22095,"St. John the Baptist Parish, Louisiana",1286
22097,"St. Landry Parish, Louisiana",2585
22099,"St. Martin Parish, Louisiana",1931
22101,"St. Mary Parish, Louisiana",1366
22103,"St. Tammany Parish, Louisiana",31246
22105,"Tangipahoa Parish, Louisiana",6387
22107,"Tensas Parish, Louisiana",87
22109,"Terrebonne Parish, Louisiana",5604
22111,"Union Parish, Louisiana",426
22113,"Vermilion Parish, Louisiana",1949
22115,"Vernon Parish, Louisiana",1108
22117,"Washington Parish, Louisiana",1346
22119,"Webster Parish, Louisiana",609
22121,"West Baton Rouge Parish, Louisiana",1602
22123,"West Carroll Parish, Louisiana",132
22125,"West Feliciana Parish, Louisiana",964
22127,"Winn Parish, Louisiana",167
23001,"Androscoggin County, Maine",6996
23003,"Aroostook County, Maine",1858
23005,"Cumberland County, Maine",54331
23007,"Franklin County, Maine",1571
23009,"Hancock County, Maine",7890
23011,"Kennebec County, Maine",8516
23013,"Knox County, Maine",5943
23015,"Lincoln County, Maine",6120
23017,"Oxford County, Maine",3674
23019,"Penobscot County, Maine",8155
23021,"Piscataquis County, Maine",941
23023,"Sagadahoc County, Maine",5562
23025,"Somerset County, Maine",2016
23027,"Waldo County, Maine",3786
23029,"Washington County, Maine",1531
23031,"York County, Maine",36296
24001,"Allegany County, Maryland",1799
24003,"Anne Arundel County, Maryland",100528
24005,"Baltimore County, Maryland",84066
24009,"Calvert County, Maryland",21657
24011,"Caroline County, Maryland",3190
24013,"Carroll County, Maryland",36659
24015,"Cecil County, Maryland",13864
24017,"Charles County, Maryland",30544
24019,"Dorchester County, Maryland",2903
24021,"Frederick County, Maryland",45922
24023,"Garrett County, Maryland",2870
24025,"Harford County, Maryland",37043
24027,"Howard County, Maryland",53055
24029,"Kent County, Maryland",2885
24031,"Montgomery County, Maryland",150570
24033,"Prince George's County, Maryland",125482
24035,"Queen Anne's County, Maryland",11368
24037,"St. Mary's County, Maryland",19896
24039,"Somerset County, Maryland",841
24041,"Talbot County, Maryland",7362
24043,"Washington County, Maryland",14049
24045,"Wicomico County, Maryland",6768
24047,"Worcester County, Maryland",8737
24510,"Baltimore city, Maryland",10151
25001,"Barnstable County, Massachusetts",67095
25003,"Berkshire County, Massachusetts",15711
25005,"Bristol County, Massachusetts",90711
25007,"Dukes County, Massachusetts",5051
25009,"Essex County, Massachusetts",133073
25011,"Franklin County, Massachusetts",9547
25013,"Hampden County, Massachusetts",39976
25015,"Hampshire County, Massachusetts",23509
25017,"Middlesex County, Massachusetts",263316
25019,"Nantucket County, Massachusetts",3058
25021,"Norfolk County, Massachusetts",143889
25023,"Plymouth County, Massachusetts",116140
25025,"Suffolk County, Massachusetts",37574
25027,"Worcester County, Massachusetts",130443
26001,"Alcona County, Michigan",705
26003,"Alger County, Michigan",416
26005,"Allegan County, Michigan",11794
26007,"Alpena County, Michigan",1359
26009,"Antrim County, Michigan",3112
26011,"Arenac County, Michigan",574
26013,"Baraga County, Michigan",262
26015,"Barry County, Michigan",7015
26017,"Bay County, Michigan",3337
26019,"Benzie County, Michigan",2243
26021,"Berrien County, Michigan",11961
26023,"Branch County, Michigan",1879
26025,"Calhoun County, Michigan",5164
26027,"Cass County, Michigan",4320
26029,"Charlevoix County, Michigan",3354
26031,"Cheboygan County, Michigan",2107
26033,"Chippewa County, Michigan",1154
26035,"Clare County, Michigan",1023
26037,"Clinton County, Michigan",8098
26039,"Crawford County, Michigan",673
26041,"Delta County, Michigan",1211
26043,"Dickinson County, Michigan",1175
26045,"Eaton County, Michigan",5951
26047,"Emmet County, Michigan",4318
26049,"Genesee County, Michigan",16921
26051,"Gladwin County, Michigan",1236
26053,"Gogebic County, Michigan",589
26055,"Grand Traverse County, Michigan",12752
26057,"Gratiot County, Michigan",1156
26059,"Hillsdale County, Michigan",2364
26061,"Houghton County, Michigan",1646
26063,"Huron County, Michigan",1468
26065,"Ingham County, Michigan",13735
26067,"Ionia County, Michigan",3070
26069,"Iosco County, Michigan",1041
26071,"Iron County, Michigan",549
26073,"Isabella County, Michigan",1936
26075,"Jackson County, Michigan",7811
26077,"Kalamazoo County, Michigan",18946
26079,"Kalkaska County, Michigan",1069
26081,"Kent County, Michigan",62268
26083,"Keweenaw County, Michigan",242
26085,"Lake County, Michigan",406
26087,"Lapeer County, Michigan",8470
26089,"Leelanau County, Michigan",5309
26091,"Lenawee County, Michigan",4838
26093,"Livingston County, Michigan",33304
26095,"Luce County, Michigan",150
26097,"Mackinac County, Michigan",816
26099,"Macomb County, Michigan",67207
26101,"Manistee County, Michigan",1621
26103,"Marquette County, Michigan",4285
26105,"Mason County, Michigan",2102
26107,"Mecosta County, Michigan",1634
26109,"Menominee County, Michigan",869
26111,"Midland County, Michigan",4775
26113,"Missaukee County, Michigan",734
26115,"Monroe County, Michigan",12808
26117,"Montcalm County, Michigan",2762
26119,"Montmorency County, Michigan",503
26121,"Muskegon County, Michigan",8666
26123,"Newaygo County, Michigan",2488
26125,"Oakland County, Michigan",179525
26127,"Oceana County, Michigan",1490
26129,"Ogemaw County, Michigan",822
26131,"Ontonagon County, Michigan",211
26133,"Osceola County, Michigan",811
26135,"Oscoda County, Michigan",336
26137,"Otsego County, Michigan",1705
26139,"Ottawa County, Michigan",34514
26141,"Presque Isle County, Michigan",751
26143,"Roscommon County, Michigan",1555
26145,"Saginaw County, Michigan",6790
26147,"St. Clair County, Michigan",13429
26149,"St. Joseph County, Michigan",2914
26151,"Sanilac County, Michigan",2186
26153,"Schoolcraft County, Michigan",376
26155,"Shiawassee County, Michigan",2955
26157,"Tuscola County, Michigan",1452
26159,"Van Buren County, Michigan",5119
26161,"Washtenaw County, Michigan",46446
26163,"Wayne County, Michigan",85557
26165,"Wexford County, Michigan",1431
27001,"Aitkin County, Minnesota",1836
27003,"Anoka County, Minnesota",51854
27005,"Becker County, Minnesota",4273
27007,"Beltrami County, Minnesota",3255
27009,"Benton County, Minnesota",3303
27011,"Big Stone County, Minnesota",258
27013,"Blue Earth County, Minnesota",5142
27015,"Brown County, Minnesota",1431
27017,"Carlton County, Minnesota",2905
27019,"Carver County, Minnesota",21237
27021,"Cass County, Minnesota",4045
27023,"Chippewa County, Minnesota",527
27025,"Chisago County, Minnesota",9462
27027,"Clay County, Minnesota",5603
27029,"Clearwater County, Minnesota",423
27031,"Cook County, Minnesota",961
27033,"Cottonwood County, Minnesota",530
27035,"Crow Wing County, Minnesota",9155
27037,"Dakota County, Minnesota",64697
27039,"Dodge County, Minnesota",2455
27041,"Douglas County, Minnesota",5843
27043,"Faribault County, Minnesota",576
27045,"Fillmore County, Minnesota",1846
27047,"Freeborn County, Minnesota",1651
27049,"Goodhue County, Minnesota",5451
27051,"Grant County, Minnesota",450
27053,"Hennepin County, Minnesota",183726
27055,"Houston County, Minnesota",1984
27057,"Hubbard County, Minnesota",2618
27059,"Isanti County, Minnesota",5350
27061,"Itasca County, Minnesota",3925
27063,"Jackson County, Minnesota",469
27065,"Kanabec County, Minnesota",1243
27067,"Kandiyohi County, Minnesota",3948
27069,"Kittson County, Minnesota",196
27071,"Koochiching County, Minnesota",615
27073,"Lac qui Parle County, Minnesota",431
27075,"Lake County, Minnesota",1343
27077,"Lake of the Woods County, Minnesota",309
27079,"Le Sueur County, Minnesota",4041
27081,"Lincoln County, Minnesota",377
27083,"Lyon County, Minnesota",1239
27085,"McLeod County, Minnesota",2873
27087,"Mahnomen County, Minnesota",170
27089,"Marshall County, Minnesota",347
27091,"Martin County, Minnesota",1093
27093,"Meeker County, Minnesota",2152
27095,"Mille Lacs County, Minnesota",2209
27097,"Morrison County, Minnesota",3422
27099,"Mower County, Minnesota",2219
27101,"Murray County, Minnesota",615
27103,"Nicollet County, Minnesota",2927
27105,"Nobles County, Minnesota",993
27107,"Norman County, Minnesota",224
27109,"Olmsted County, Minnesota",20576
27111,"Otter Tail County, Minnesota",7002
27113,"Pennington County, Minnesota",626
27115,"Pine County, Minnesota",2523
27117,"Pipestone County, Minnesota",473
27119,"Polk County, Minnesota",1880
27121,"Pope County, Minnesota",1406
27123,"Ramsey County, Minnesota",55130
27125,"Red Lake County, Minnesota",152
27127,"Redwood County, Minnesota",746
27129,"Renville County, Minnesota",729
27131,"Rice County, Minnesota",7573
27133,"Rock County, Minnesota",733
27135,"Roseau County, Minnesota",615
27137,"St. Louis County, Minnesota",16035
27139,"Scott County, Minnesota",27902
27141,"Sherburne County, Minnesota",15987
27143,"Sibley County, Minnesota",1337
27145,"Stearns County, Minnesota",14314
27147,"Steele County, Minnesota",3065
27149,"Stevens County, Minnesota",525
27151,"Swift County, Minnesota",421
27153,"Todd County, Minnesota",1852
27155,"Traverse County, Minnesota",144
27157,"Wabasha County, Minnesota",2389
27159,"Wadena County, Minnesota",704
27161,"Waseca County, Minnesota",1342
27163,"Washington County, Minnesota",49262
27165,"Watonwan County, Minnesota",499
27167,"Wilkin County, Minnesota",390
27169,"Winona County, Minnesota",3358
27171,"Wright County, Minnesota",22856
27173,"Yellow Medicine County, Minnesota",482
28001,"Adams County, Mississippi",929
28003,"Alcorn County, Mississippi",877
28005,"Amite County, Mississippi",186
28007,"Attala County, Mississippi",282
28009,"Benton County, Mississippi",112
28011,"Bolivar County, Mississippi",699
28013,"Calhoun County, Mississippi",129
28015,"Carroll County, Mississippi",208
28017,"Chickasaw County, Mississippi",298
28019,"Choctaw County, Mississippi",155
28021,"Claiborne County, Mississippi",41
28023,"Clarke County, Mississippi",367
28025,"Clay County, Mississippi",585
28027,"Coahoma County, Mississippi",307
28029,"Copiah County, Mississippi",604
28031,"Covington County, Mississippi",364
28033,"DeSoto County, Mississippi",17539
28035,"Forrest County, Mississippi",2425
28037,"Franklin County, Mississippi",176
28039,"George County, Mississippi",889
28041,"Greene County, Mississippi",113
28043,"Grenada County, Mississippi",514
28045,"Hancock County, Mississippi",3414
28047,"Harrison County, Mississippi",10114
28049,"Hinds County, Mississippi",7446
28051,"Holmes County, Mississippi",67
28053,"Humphreys County, Mississippi",107
28055,"Issaquena County, Mississippi",6
28057,"Itawamba County, Mississippi",726
28059,"Jackson County, Mississippi",7122
28061,"Jasper County, Mississippi",380
28063,"Jefferson County, Mississippi",51
28065,"Jefferson Davis County, Mississippi",146
28067,"Jones County, Mississippi",1750
28069,"Kemper County, Mississippi",127
28071,"Lafayette County, Mississippi",4204
28073,"Lamar County, Mississippi",3746
28075,"Lauderdale County, Mississippi",2172
28077,"Lawrence County, Mississippi",258
28079,"Leake County, Mississippi",319
28081,"Lee County, Mississippi",3551
28083,"Leflore County, Mississippi",440
28085,"Lincoln County, Mississippi",759
28087,"Lowndes County, Mississippi",2165
28089,"Madison County, Mississippi",13384
28091,"Marion County, Mississippi",630
28093,"Marshall County, Mississippi",1743
28095,"Monroe County, Mississippi",816
28097,"Montgomery County, Mississippi",196
28099,"Neshoba County, Mississippi",396
28101,"Newton County, Mississippi",553
28103,"Noxubee County, Mississippi",120
28105,"Oktibbeha County, Mississippi",2769
28107,"Panola County, Mississippi",824
28109,"Pearl River County, Mississippi",2392
28111,"Perry County, Mississippi",289
28113,"Pike County, Mississippi",716
28115,"Pontotoc County, Mississippi",699
28117,"Prentiss County, Mississippi",554
28119,"Quitman County, Mississippi",45
28121,"Rankin County, Mississippi",11116
28123,"Scott County, Mississippi",380
28125,"Sharkey County, Mississippi",18
28127,"Simpson County, Mississippi",555
28129,"Smith County, Mississippi",316
28131,"Stone County, Mississippi",752
28133,"Sunflower County, Mississippi",222
28135,"Tallahatchie County, Mississippi",51
28137,"Tate County, Mississippi",1440
28139,"Tippah County, Mississippi",414
28141,"Tishomingo County, Mississippi",522
28143,"Tunica County, Mississippi",224
28145,"Union County, Mississippi",896
28147,"Walthall County, Mississippi",288
28149,"Warren County, Mississippi",1444
28151,"Washington County, Mississippi",926
28153,"Wayne County, Mississippi",571
28155,"Webster County, Mississippi",143
28157,"Wilkinson County, Mississippi",79
28159,"Winston County, Mississippi",332
28161,"Yalobusha County, Mississippi",178
28163,"Yazoo County, Mississippi",380
29001,"Adair County, Missouri",729
29003,"Andrew County, Missouri",1437
29005,"Atchison County, Missouri",164
29007,"Audrain County, Missouri",604
29009,"Barry County, Missouri",2000
29011,"Barton County, Missouri",492
29013,"Bates County, Missouri",666
29015,"Benton County, Missouri",1160
29017,"Bollinger County, Missouri",439
29019,"Boone County, Missouri",14999
29021,"Buchanan County, Missouri",3389
29023,"Butler County, Missouri",1004
29025,"Caldwell County, Missouri",477
29027,"Callaway County, Missouri",2510
29029,"Camden County, Missouri",5040
29031,"Cape Girardeau County, Missouri",5229
29033,"Carroll County, Missouri",207
29035,"Carter County, Missouri",266
29037,"Cass County, Missouri",12676
29039,"Cedar County, Missouri",623
29041,"Chariton County, Missouri",254
29043,"Christian County, Missouri",9336
29045,"Clark County, Missouri",192
29047,"Clay County, Missouri",24404
29049,"Clinton County, Missouri",1669
29051,"Cole County, Missouri",4851
29053,"Cooper County, Missouri",927
29055,"Crawford County, Missouri",1148
29057,"Dade County, Missouri",450
29059,"Dallas County, Missouri",789
29061,"Daviess County, Missouri",496
29063,"DeKalb County, Missouri",477
29065,"Dent County, Missouri",609
29067,"Douglas County, Missouri",437
29069,"Dunklin County, Missouri",364
29071,"Franklin County, Missouri",7890
29073,"Gasconade County, Missouri",980
29075,"Gentry County, Missouri",259
29077,"Greene County, Missouri",17288
29079,"Grundy County, Missouri",312
29081,"Harrison County, Missouri",230
29083,"Henry County, Missouri",1055
29085,"Hickory County, Missouri",259
29087,"Holt County, Missouri",104
29089,"Howard County, Missouri",517
29091,"Howell County, Missouri",1681
29093,"Iron County, Missouri",271
29095,"Jackson County, Missouri",45279
29097,"Jasper County, Missouri",4521
29099,"Jefferson County, Missouri",17214
29101,"Johnson County, Missouri",3203
29103,"Knox County, Missouri",154
29105,"Laclede County, Missouri",1483
29107,"Lafayette County, Missouri",1953
29109,"Lawrence County, Missouri",1577
29111,"Lewis County, Missouri",149
29113,"Lincoln County, Missouri",4260
29115,"Linn County, Missouri",268
29117,"Livingston County, Missouri",551
29119,"McDonald County, Missouri",708
29121,"Macon County, Missouri",626
29123,"Madison County, Missouri",508
29125,"Maries County, Missouri",610
29127,"Marion County, Missouri",1015
29129,"Mercer County, Missouri",142
29131,"Miller County, Missouri",1476
29133,"Mississippi County, Missouri",88
29135,"Moniteau County, Missouri",739
29137,"Monroe County, Missouri",318
29139,"Montgomery County, Missouri",655
29141,"Morgan County, Missouri",1524
29143,"New Madrid County, Missouri",246
29145,"Newton County, Missouri",2824
29147,"Nodaway County, Missouri",792
29149,"Oregon County, Missouri",243
29151,"Osage County, Missouri",1061
29153,"Ozark County, Missouri",510
29155,"Pemiscot County, Missouri",247
29157,"Perry County, Missouri",990
29159,"Pettis County, Missouri",1911
29161,"Phelps County, Missouri",2196
29163,"Pike County, Missouri",537
29165,"Platte County, Missouri",14517
29167,"Polk County, Missouri",1648
29169,"Pulaski County, Missouri",1058
29171,"Putnam County, Missouri",168
29173,"Ralls County, Missouri",385
29175,"Randolph County, Missouri",671
29177,"Ray County, Missouri",1581
29179,"Reynolds County, Missouri",189
29181,"Ripley County, Missouri",270
29183,"St. Charles County, Missouri",55238
29185,"St. Clair County, Missouri",372
29186,"Ste. Genevieve County, Missouri",1320
29187,"St. Francois County, Missouri",2363
29189,"St. Louis County, Missouri",109565
29195,"Saline County, Missouri",615
29197,"Schuyler County, Missouri",136
29199,"Scotland County, Missouri",265
29201,"Scott County, Missouri",1341
29203,"Shannon County, Missouri",440
29205,"Shelby County, Missouri",142
29207,"Stoddard County, Missouri",634
29209,"Stone County, Missouri",3181
29211,"Sullivan County, Missouri",136
29213,"Taney County, Missouri",3091
29215,"Texas County, Missouri",664
29217,"Vernon County, Missouri",735
29219,"Warren County, Missouri",3451
29221,"Washington County, Missouri",738
29223,"Wayne County, Missouri",307
29225,"Webster County, Missouri",2578
29227,"Worth County, Missouri",42
29229,"Wright County, Missouri",644
29510,"St. Louis city, Missouri",11627
30001,"Beaverhead County, Montana",1020
30003,"Big Horn County, Montana",305
30005,"Blaine County, Montana",210
30007,"Broadwater County, Montana",1370
30009,"Carbon County, Montana",2021
30011,"Carter County, Montana",58
30013,"Cascade County, Montana",7257
30015,"Chouteau County, Montana",251
30017,"Custer County, Montana",753
30019,"Daniels County, Montana",73
30021,"Dawson County, Montana",587
30023,"Deer Lodge County, Montana",724
30025,"Fallon County, Montana",171
30027,"Fergus County, Montana",649
30029,"Flathead County, Montana",20529
30031,"Gallatin County, Montana",21015
30033,"Garfield County, Montana",38
30035,"Glacier County, Montana",384
30037,"Golden Valley County, Montana",60
30039,"Granite County, Montana",552
30041,"Hill County, Montana",635
30043,"Jefferson County, Montana",2404
30045,"Judith Basin County, Montana",156
30047,"Lake County, Montana",4603
30049,"Lewis and Clark County, Montana",11808
30051,"Liberty County, Montana",27
30053,"Lincoln County, Montana",2354
30055,"McCone County, Montana",120
30057,"Madison County, Montana",1771
30059,"Meagher County, Montana",263
30061,"Mineral County, Montana",731
30063,"Missoula County, Montana",18931
30065,"Musselshell County, Montana",500
30067,"Park County, Montana",3615
30069,"Petroleum County, Montana",21
30071,"Phillips County, Montana",237
30073,"Pondera County, Montana",323
30075,"Powder River County, Montana",75
30077,"Powell County, Montana",600
30079,"Prairie County, Montana",62
30081,"Ravalli County, Montana",9696
30083,"Richland County, Montana",1090
30085,"Roosevelt County, Montana",289
30087,"Rosebud County, Montana",294
30089,"Sanders County, Montana",1998
30091,"Sheridan County, Montana",89
30093,"Silver Bow County, Montana",3029
30095,"Stillwater County, Montana",1628
30097,"Sweet Grass County, Montana",459
30099,"Teton County, Montana",580
30101,"Toole County, Montana",185
30103,"Treasure County, Montana",59
30105,"Valley County, Montana",485
30107,"Wheatland County, Montana",84
30109,"Wibaux County, Montana",32
30111,"Yellowstone County, Montana",21606
31001,"Adams County, Nebraska",1644
31003,"Antelope County, Nebraska",341
31005,"Arthur County, Nebraska",29
31007,"Banner County, Nebraska",47
31009,"Blaine County, Nebraska",9
31011,"Boone County, Nebraska",329
31013,"Box Butte County, Nebraska",441
31015,"Boyd County, Nebraska",89
31017,"Brown County, Nebraska",50
31019,"Buffalo County, Nebraska",3472
31021,"Burt County, Nebraska",316
31023,"Butler County, Nebraska",565
31025,"Cass County, Nebraska",3269
31027,"Cedar County, Nebraska",476
31029,"Chase County, Nebraska",232
31031,"Cherry County, Nebraska",228
31033,"Cheyenne County, Nebraska",467
31035,"Clay County, Nebraska",286
31037,"Colfax County, Nebraska",364
31039,"Cuming County, Nebraska",595
31041,"Custer County, Nebraska",649
31043,"Dakota County, Nebraska",474
31045,"Dawes County, Nebraska",292
31047,"Dawson County, Nebraska",837
31049,"Deuel County, Nebraska",61
31051,"Dixon County, Nebraska",200
31053,"Dodge County, Nebraska",2056
31055,"Douglas County, Nebraska",47841
31057,"Dundy County, Nebraska",50
31059,"Fillmore County, Nebraska",198
31061,"Franklin County, Nebraska",72
31063,"Frontier County, Nebraska",82
31065,"Furnas County, Nebraska",97
31067,"Gage County, Nebraska",1105
31069,"Garden County, Nebraska",60
31071,"Garfield County, Nebraska",123
31073,"Gosper County, Nebraska",190
31075,"Grant County, Nebraska",13
31077,"Greeley County, Nebraska",75
31079,"Hall County, Nebraska",3325
31081,"Hamilton County, Nebraska",1020
31083,"Harlan County, Nebraska",179
31085,"Hayes County, Nebraska",16
31087,"Hitchcock County, Nebraska",94
31089,"Holt County, Nebraska",484
31091,"Hooker County, Nebraska",5
31093,"Howard County, Nebraska",440
31095,"Jefferson County, Nebraska",205
31097,"Johnson County, Nebraska",210
31099,"Kearney County, Nebraska",408
31101,"Keith County, Nebraska",508
31103,"Keya Paha County, Nebraska",44
31105,"Kimball County, Nebraska",121
31107,"Knox County, Nebraska",371
31109,"Lancaster County, Nebraska",25603
31111,"Lincoln County, Nebraska",1479
31113,"Logan County, Nebraska",70
31115,"Loup County, Nebraska",33
31117,"McPherson County, Nebraska",31
31119,"Madison County, Nebraska",1833
31121,"Merrick County, Nebraska",447
31123,"Morrill County, Nebraska",96
31125,"Nance County, Nebraska",155
31127,"Nemaha County, Nebraska",241
31129,"Nuckolls County, Nebraska",150
31131,"Otoe County, Nebraska",1142
31133,"Pawnee County, Nebraska",114
31135,"Perkins County, Nebraska",184
31137,"Phelps County, Nebraska",483
31139,"Pierce County, Nebraska",428
31141,"Platte County, Nebraska",2242
31143,"Polk County, Nebraska",350
31145,"Red Willow County, Nebraska",333
31147,"Richardson County, Nebraska",386
31149,"Rock County, Nebraska",58
31151,"Saline County, Nebraska",598
31153,"Sarpy County, Nebraska",22575
31155,"Saunders County, Nebraska",2522
31157,"Scotts Bluff County, Nebraska",1361
31159,"Seward County, Nebraska",1519
31161,"Sheridan County, Nebraska",80
31163,"Sherman County, Nebraska",167
31165,"Sioux County, Nebraska",53
31167,"Stanton County, Nebraska",268
31169,"Thayer County, Nebraska",156
31171,"Thomas County, Nebraska",36
31173,"Thurston County, Nebraska",183
31175,"Valley County, Nebraska",217
31177,"Washington County, Nebraska",3027
31179,"Wayne County, Nebraska",541
31181,"Webster County, Nebraska",123
31183,"Wheeler County, Nebraska",40
31185,"York County, Nebraska",723
32001,"Churchill County, Nevada",2515
32003,"Clark County, Nevada",311121
32005,"Douglas County, Nevada",12964
32007,"Elko County, Nevada",4512
32009,"Esmeralda County, Nevada",9
32011,"Eureka County, Nevada",54
32013,"Humboldt County, Nevada",1273
32015,"Lander County, Nevada",120
32017,"Lincoln County, Nevada",239
32019,"Lyon County, Nevada",9068
32021,"Mineral County, Nevada",67
32023,"Nye County, Nevada",4473
32027,"Pershing County, Nevada",109
32029,"Storey County, Nevada",971
32031,"Washoe County, Nevada",81759
32033,"White Pine County, Nevada",440
32510,"Carson City, Nevada",9632
33001,"Belknap County, New Hampshire",10266
33003,"Carroll County, New Hampshire",9390
33005,"Cheshire County, New Hampshire",6681
33007,"Coos County, New Hampshire",1769
33009,"Grafton County, New Hampshire",10599
33011,"Hillsborough County, New Hampshire",65753
33013,"Merrimack County, New Hampshire",20706
33015,"Rockingham County, New Hampshire",64392
33017,"Strafford County, New Hampshire",15881
33019,"Sullivan County, New Hampshire",3397
34001,"Atlantic County, New Jersey",24762
34003,"Bergen County, New Jersey",157654
34005,"Burlington County, New Jersey",60813
34007,"Camden County, New Jersey",39919
34009,"Cape May County, New Jersey",18392
34011,"Cumberland County, New Jersey",5647
34013,"Essex County, New Jersey",77069
34015,"Gloucester County, New Jersey",34266
34017,"Hudson County, New Jersey",18382
34019,"Hunterdon County, New Jersey",30147
34021,"Mercer County, New Jersey",37074
34023,"Middlesex County, New Jersey",120998
34025,"Monmouth County, New Jersey",137098
34027,"Morris County, New Jersey",106079
34029,"Ocean County, New Jersey",103770
34031,"Passaic County, New Jersey",54999
34033,"Salem County, New Jersey",4725
34035,"Somerset County, New Jersey",61827
34037,"Sussex County, New Jersey",26532
34039,"Union County, New Jersey",80194
34041,"Warren County, New Jersey",15527
35001,"Bernalillo County, New Mexico",64398
35003,"Catron County, New Mexico",288
35005,"Chaves County, New Mexico",1879
35006,"Cibola County, New Mexico",461
35007,"Colfax County, New Mexico",702
35009,"Curry County, New Mexico",1211
35011,"De Baca County, New Mexico",24
35013,"Doña Ana County, New Mexico",10535
35015,"Eddy County, New Mexico",3524
35017,"Grant County, New Mexico",1157
35019,"Guadalupe County, New Mexico",69
35021,"Harding County, New Mexico",12
35023,"Hidalgo County, New Mexico",65
35025,"Lea County, New Mexico",2317
35027,"Lincoln County, New Mexico",1624
35028,"Los Alamos County, New Mexico",3535
35029,"Luna County, New Mexico",389
35031,"McKinley County, New Mexico",759
35033,"Mora County, New Mexico",155
35035,"Otero County, New Mexico",1742
35037,"Quay County, New Mexico",259
35039,"Rio Arriba County, New Mexico",2175
35041,"Roosevelt County, New Mexico",472
35043,"Sandoval County, New Mexico",18908
35045,"San Juan County, New Mexico",3401
35047,"San Miguel County, New Mexico",946
35049,"Santa Fe County, New Mexico",25792
35051,"Sierra County, New Mexico",317
35053,"Socorro County, New Mexico",246
35055,"Taos County, New Mexico",5245
35057,"Torrance County, New Mexico",340
35059,"Union County, New Mexico",139
35061,"Valencia County, New Mexico",3694
36001,"Albany County, New York",26814
36003,"Allegany County, New York",611
36005,"Bronx County, New York",16085
36007,"Broome County, New York",5179
36009,"Cattaraugus County, New York",1679
36011,"Cayuga County, New York",3386
36013,"Chautauqua County, New York",2941
36015,"Chemung County, New York",2469
36017,"Chenango County, New York",1024
36019,"Clinton County, New York",2696
36021,"Columbia County, New York",8907
36023,"Cortland County, New York",1339
36025,"Delaware County, New York",2717
36027,"Dutchess County, New York",44340
36029,"Erie County, New York",63425
36031,"Essex County, New York",3210
36033,"Franklin County, New York",1855
36035,"Fulton County, New York",2358
36037,"Genesee County, New York",1810
36039,"Greene County, New York",4415
36041,"Hamilton County, New York",525
36043,"Herkimer County, New York",1900
36045,"Jefferson County, New York",3945
36047,"Kings County, New York",36558
36049,"Lewis County, New York",995
36051,"Livingston County, New York",2260
36053,"Madison County, New York",3810
36055,"Monroe County, New York",40013
36057,"Montgomery County, New York",1174
36059,"Nassau County, New York",309358
36061,"New York County, New York",6202
36063,"Niagara County, New York",10909
36065,"Oneida County, New York",9302
36067,"Onondaga County, New York",22214
36069,"Ontario County, New York",8477
36071,"Orange County, New York",50946
36073,"Orleans County, New York",759
36075,"Oswego County, New York",2678
36077,"Otsego County, New York",2803
36079,"Putnam County, New York",20404
36081,"Queens County, New York",121071
36083,"Rensselaer County, New York",11648
36085,"Richmond County, New York",50403
36087,"Rockland County, New York",47195
36089,"St. Lawrence County, New York",2924
36091,"Saratoga County, New York",32915
36093,"Schenectady County, New York",9783
36095,"Schoharie County, New York",1510
36097,"Schuyler County, New York",701
36099,"Seneca County, New York",1200
36101,"Steuben County, New York",2834
36103,"Suffolk County, New York",336032
36105,"Sullivan County, New York",6217
36107,"Tioga County, New York",1359
36109,"Tompkins County, New York",8286
36111,"Ulster County, New York",23666
36113,"Warren County, New York",6888
36115,"Washington County, New York",3041
36117,"Wayne County, New York",4030
36119,"Westchester County, New York",123767
36121,"Wyoming County, New York",1328
36123,"Yates County, New York",1888
37001,"Alamance County, North Carolina",10886
37003,"Alexander County, North Carolina",1937
37005,"Alleghany County, North Carolina",930
37007,"Anson County, North Carolina",634
37009,"Ashe County, North Carolina",2552
37011,"Avery County, North Carolina",1433
37013,"Beaufort County, North Carolina",2546
37015,"Bertie County, North Carolina",270
37017,"Bladen County, North Carolina",866
37019,"Brunswick County, North Carolina",22780
37021,"Buncombe County, North Carolina",32942
37023,"Burke County, North Carolina",4188
37025,"Cabarrus County, North Carolina",28719
37027,"Caldwell County, North Carolina",3677
37029,"Camden County, North Carolina",1402
37031,"Carteret County, North Carolina",9440
37033,"Caswell County, North Carolina",736
37035,"Catawba County, North Carolina",11946
37037,"Chatham County, North Carolina",14206
37039,"Cherokee County, North Carolina",2163
37041,"Chowan County, North Carolina",941
37043,"Clay County, North Carolina",1561
37045,"Cleveland County, North Carolina",4375
37047,"Columbus County, North Carolina",1135
37049,"Craven County, North Carolina",6143
37051,"Cumberland County, North Carolina",12193
37053,"Currituck County, North Carolina",5668
37055,"Dare County, North Carolina",8315
37057,"Davidson County, North Carolina",10384
37059,"Davie County, North Carolina",4403
37061,"Duplin County, North Carolina",1474
37063,"Durham County, North Carolina",40872
37065,"Edgecombe County, North Carolina",745
37067,"Forsyth County, North Carolina",27460
37069,"Franklin County, North Carolina",6447
37071,"Gaston County, North Carolina",17163
37073,"Gates County, North Carolina",365
37075,"Graham County, North Carolina",304
37077,"Granville County, North Carolina",4332
37079,"Greene County, North Carolina",189
37081,"Guilford County, North Carolina",38614
37083,"Halifax County, North Carolina",1052
37085,"Harnett County, North Carolina",7961
37087,"Haywood County, North Carolina",6115
37089,"Henderson County, North Carolina",16191
37091,"Hertford County, North Carolina",324
37093,"Hoke County, North Carolina",1816
37095,"Hyde County, North Carolina",217
37097,"Iredell County, North Carolina",22328
37099,"Jackson County, North Carolina",3590
37101,"Johnston County, North Carolina",22483
37103,"Jones County, North Carolina",192
37105,"Lee County, North Carolina",3605
37107,"Lenoir County, North Carolina",828
37109,"Lincoln County, North Carolina",10767
37111,"McDowell County, North Carolina",2232
37113,"Macon County, North Carolina",3925
37115,"Madison County, North Carolina",2136
37117,"Martin County, North Carolina",421
37119,"Mecklenburg County, North Carolina",137959
37121,"Mitchell County, North Carolina",915
37123,"Montgomery County, North Carolina",1193
37125,"Moore County, North Carolina",14732
37127,"Nash County, North Carolina",3819
37129,"New Hanover County, North Carolina",33346
37131,"Northampton County, North Carolina",544
37133,"Onslow County, North Carolina",9181
37135,"Orange County, North Carolina",20993
37137,"Pamlico County, North Carolina",1051
37139,"Pasquotank County, North Carolina",2090
37141,"Pender County, North Carolina",6789
37143,"Perquimans County, North Carolina",946
37145,"Person County, North Carolina",2599
37147,"Pitt County, North Carolina",7276
37149,"Polk County, North Carolina",2779
37151,"Randolph County, North Carolina",5483
37153,"Richmond County, North Carolina",856
37155,"Robeson County, North Carolina",960
37157,"Rockingham County, North Carolina",3768
37159,"Rowan County, North Carolina",9605
37161,"Rutherford County, North Carolina",3531
37163,"Sampson County, North Carolina",1510
37165,"Scotland County, North Carolina",380
37167,"Stanly County, North Carolina",4429
37169,"Stokes County, North Carolina",2199
37171,"Surry County, North Carolina",3052
37173,"Swain County, North Carolina",749
37175,"Transylvania County, North Carolina",5268
37177,"Tyrrell County, North Carolina",63
37179,"Union County, North Carolina",40306
37181,"Vance County, North Carolina",883
37183,"Wake County, North Carolina",178165
37185,"Warren County, North Carolina",748
37187,"Washington County, North Carolina",228
37189,"Watauga County, North Carolina",6001
37191,"Wayne County, North Carolina",3260
37193,"Wilkes County, North Carolina",2655
37195,"Wilson County, North Carolina",2811
37197,"Yadkin County, North Carolina",1799
37199,"Yancey County, North Carolina",1338
38001,"Adams County, North Dakota",108
38003,"Barnes County, North Dakota",580
38005,"Benson County, North Dakota",139
38007,"Billings County, North Dakota",135
38009,"Bottineau County, North Dakota",479
38011,"Bowman County, North Dakota",150
38013,"Burke County, North Dakota",109
38015,"Burleigh County, North Dakota",11923
38017,"Cass County, North Dakota",15249
38019,"Cavalier County, North Dakota",131
38021,"Dickey County, North Dakota",242
38023,"Divide County, North Dakota",73
38025,"Dunn County, North Dakota",391
38027,"Eddy County, North Dakota",90
38029,"Emmons County, North Dakota",158
38031,"Foster County, North Dakota",269
38033,"Golden Valley County, North Dakota",62
38035,"Grand Forks County, North Dakota",4360
38037,"Grant County, North Dakota",73
38039,"Griggs County, North Dakota",127
38041,"Hettinger County, North Dakota",168
38043,"Kidder County, North Dakota",103
38045,"LaMoure County, North Dakota",186
38047,"Logan County, North Dakota",48
38049,"McHenry County, North Dakota",286
38051,"McIntosh County, North Dakota",40
38053,"McKenzie County, North Dakota",1638
38055,"McLean County, North Dakota",987
38057,"Mercer County, North Dakota",646
38059,"Morton County, North Dakota",3221
38061,"Mountrail County, North Dakota",529
38063,"Nelson County, North Dakota",128
38065,"Oliver County, North Dakota",177
38067,"Pembina County, North Dakota",133
38069,"Pierce County, North Dakota",132
38071,"Ramsey County, North Dakota",509
38073,"Ransom County, North Dakota",326
38075,"Renville County, North Dakota",93
38077,"Richland County, North Dakota",966
38079,"Rolette County, North Dakota",137
38081,"Sargent County, North Dakota",125
38083,"Sheridan County, North Dakota",55
38085,"Sioux County, North Dakota",53
38087,"Slope County, North Dakota",47
38089,"Stark County, North Dakota",2943
38091,"Steele County, North Dakota",67
38093,"Stutsman County, North Dakota",1125
38095,"Towner County, North Dakota",53
38097,"Traill County, North Dakota",508
38099,"Walsh County, North Dakota",291
38101,"Ward County, North Dakota",5030
38103,"Wells County, North Dakota",106
38105,"Williams County, North Dakota",3200
39001,"Adams County, Ohio",703
39003,"Allen County, Ohio",3311
39005,"Ashland County, Ohio",2249
39007,"Ashtabula County, Ohio",3022
39009,"Athens County, Ohio",2485
39011,"Auglaize County, Ohio",2569
39013,"Belmont County, Ohio",2544
39015,"Brown County, Ohio",2097
39017,"Butler County, Ohio",31546
39019,"Carroll County, Ohio",1341
39021,"Champaign County, Ohio",1999
39023,"Clark County, Ohio",4756
39025,"Clermont County, Ohio",19422
39027,"Clinton County, Ohio",2112
39029,"Columbiana County, Ohio",2760
39031,"Coshocton County, Ohio",1329
39033,"Crawford County, Ohio",882
39035,"Cuyahoga County, Ohio",65948
39037,"Darke County, Ohio",2528
39039,"Defiance County, Ohio",1429
39041,"Delaware County, Ohio",42729
39043,"Erie County, Ohio",4116
39045,"Fairfield County, Ohio",17121
39047,"Fayette County, Ohio",719
39049,"Franklin County, Ohio",102195
39051,"Fulton County, Ohio",2124
39053,"Gallia County, Ohio",740
39055,"Geauga County, Ohio",14793
39057,"Greene County, Ohio",14411
39059,"Guernsey County, Ohio",1622
39061,"Hamilton County, Ohio",60511
39063,"Hancock County, Ohio",4309
39065,"Hardin County, Ohio",771
39067,"Harrison County, Ohio",509
39069,"Henry County, Ohio",1084
39071,"Highland County, Ohio",1489
39073,"Hocking County, Ohio",1546
39075,"Holmes County, Ohio",3995
39077,"Huron County, Ohio",1693
39079,"Jackson County, Ohio",792
39081,"Jefferson County, Ohio",1269
39083,"Knox County, Ohio",4696
39085,"Lake County, Ohio",15915
39087,"Lawrence County, Ohio",1651
39089,"Licking County, Ohio",16934
39091,"Logan County, Ohio",3025
39093,"Lorain County, Ohio",24401
39095,"Lucas County, Ohio",17486
39097,"Madison County, Ohio",3551
39099,"Mahoning County, Ohio",9110
39101,"Marion County, Ohio",2153
39103,"Medina County, Ohio",21138
39105,"Meigs County, Ohio",436
39107,"Mercer County, Ohio",3443
39109,"Miami County, Ohio",8739
39111,"Monroe County, Ohio",465
39113,"Montgomery County, Ohio",21524
39115,"Morgan County, Ohio",360
39117,"Morrow County, Ohio",2251
39119,"Muskingum County, Ohio",3044
39121,"Noble County, Ohio",605
39123,"Ottawa County, Ohio",3443
39125,"Paulding County, Ohio",490
39127,"Perry County, Ohio",1867
39129,"Pickaway County, Ohio",4347
39131,"Pike County, Ohio",711
39133,"Portage County, Ohio",10634
39135,"Preble County, Ohio",1912
39137,"Putnam County, Ohio",2172
39139,"Richland County, Ohio",3581
39141,"Ross County, Ohio",1975
39143,"Sandusky County, Ohio",1655
39145,"Scioto County, Ohio",1682
39147,"Seneca County, Ohio",1392
39149,"Shelby County, Ohio",2969
39151,"Stark County, Ohio",16974
39153,"Summit County, Ohio",37185
39155,"Trumbull County, Ohio",5264
39157,"Tuscarawas County, Ohio",3988
39159,"Union County, Ohio",9012
39161,"Van Wert County, Ohio",950
39163,"Vinton County, Ohio",573
39165,"Warren County, Ohio",35533
39167,"Washington County, Ohio",2307
39169,"Wayne County, Ohio",7345
39171,"Williams County, Ohio",1052
39173,"Wood County, Ohio",7953
39175,"Wyandot County, Ohio",960
40001,"Adair County, Oklahoma",346
40003,"Alfalfa County, Oklahoma",141
40005,"Atoka County, Oklahoma",497
40007,"Beaver County, Oklahoma",95
40009,"Beckham County, Oklahoma",695
40011,"Blaine County, Oklahoma",248
40013,"Bryan County, Oklahoma",1763
40015,"Caddo County, Oklahoma",450
40017,"Canadian County, Oklahoma",11558
40019,"Carter County, Oklahoma",1886
40021,"Cherokee County, Oklahoma",1621
40023,"Choctaw County, Oklahoma",462
40025,"Cimarron County, Oklahoma",46
40027,"Cleveland County, Oklahoma",17818
40029,"Coal County, Oklahoma",148
40031,"Comanche County, Oklahoma",3885
40033,"Cotton County, Oklahoma",133
40035,"Craig County, Oklahoma",593
40037,"Creek County, Oklahoma",3154
40039,"Custer County, Oklahoma",1058
40041,"Delaware County, Oklahoma",2314
40043,"Dewey County, Oklahoma",79
40045,"Ellis County, Oklahoma",134
40047,"Garfield County, Oklahoma",2215
40049,"Garvin County, Oklahoma",952
40051,"Grady County, Oklahoma",3330
40053,"Grant County, Oklahoma",64
40055,"Greer County, Oklahoma",195
40057,"Harmon County, Oklahoma",28
40059,"Harper County, Oklahoma",47
40061,"Haskell County, Oklahoma",453
40063,"Hughes County, Oklahoma",171
40065,"Jackson County, Oklahoma",843
40067,"Jefferson County, Oklahoma",102
40069,"Johnston County, Oklahoma",260
40071,"Kay County, Oklahoma",1287
40073,"Kingfisher County, Oklahoma",821
40075,"Kiowa County, Oklahoma",145
40077,"Latimer County, Oklahoma",164
40079,"Le Flore County, Oklahoma",1117
40081,"Lincoln County, Oklahoma",1463
40083,"Logan County, Oklahoma",4620
40085,"Love County, Oklahoma",361
40087,"McClain County, Oklahoma",3750
40089,"McCurtain County, Oklahoma",1225
40091,"McIntosh County, Oklahoma",526
40093,"Major County, Oklahoma",276
40095,"Marshall County, Oklahoma",536
40097,"Mayes County, Oklahoma",1814
40099,"Murray County, Oklahoma",612
40101,"Muskogee County, Oklahoma",1899
40103,"Noble County, Oklahoma",620
40105,"Nowata County, Oklahoma",478
40107,"Okfuskee County, Oklahoma",338
40109,"Oklahoma County, Oklahoma",49249
40111,"Okmulgee County, Oklahoma",832
40113,"Osage County, Oklahoma",2486
40115,"Ottawa County, Oklahoma",676
40117,"Pawnee County, Oklahoma",441
40119,"Payne County, Oklahoma",3833
40121,"Pittsburg County, Oklahoma",1513
40123,"Pontotoc County, Oklahoma",1583
40125,"Pottawatomie County, Oklahoma",2510
40127,"Pushmataha County, Oklahoma",420
40129,"Roger Mills County, Oklahoma",180
40131,"Rogers County, Oklahoma",7290
40133,"Seminole County, Oklahoma",546
40135,"Sequoyah County, Oklahoma",1076
40137,"Stephens County, Oklahoma",1383
40139,"Texas County, Oklahoma",225
40141,"Tillman County, Oklahoma",131
40143,"Tulsa County, Oklahoma",42184
40145,"Wagoner County, Oklahoma",5709
40147,"Washington County, Oklahoma",2520
40149,"Washita County, Oklahoma",321
40151,"Woods County, Oklahoma",214
40153,"Woodward County, Oklahoma",1092
41001,"Baker County, Oregon",1775
41003,"Benton County, Oregon",15951
41005,"Clackamas County, Oregon",90040
41007,"Clatsop County, Oregon",7274
41009,"Columbia County, Oregon",9291
41011,"Coos County, Oregon",8377
41013,"Crook County, Oregon",4953
41015,"Curry County, Oregon",4005
41017,"Deschutes County, Oregon",45782
41019,"Douglas County, Oregon",12026
41021,"Gilliam County, Oregon",117
41023,"Grant County, Oregon",871
41025,"Harney County, Oregon",557
41027,"Hood River County, Oregon",4238
41029,"Jackson County, Oregon",34558
41031,"Jefferson County, Oregon",2988
41033,"Josephine County, Oregon",14650
41035,"Klamath County, Oregon",6171
41037,"Lake County, Oregon",539
41039,"Lane County, Oregon",57639
41041,"Lincoln County, Oregon",8280
41043,"Linn County, Oregon",16443
41045,"Malheur County, Oregon",1723
41047,"Marion County, Oregon",48258
41049,"Morrow County, Oregon",526
41051,"Multnomah County, Oregon",142935
41053,"Polk County, Oregon",14576
41055,"Sherman County, Oregon",86
41057,"Tillamook County, Oregon",4667
41059,"Umatilla County, Oregon",5575
41061,"Union County, Oregon",2343
41063,"Wallowa County, Oregon",1451
41065,"Wasco County, Oregon",2999
41067,"Washington County, Oregon",108938
41069,"Wheeler County, Oregon",123
41071,"Yamhill County, Oregon",17865
42001,"Adams County, Pennsylvania",9989
42003,"Allegheny County, Pennsylvania",93108
42005,"Armstrong County, Pennsylvania",2564
42007,"Beaver County, Pennsylvania",9334
42009,"Bedford County, Pennsylvania",2584
42011,"Berks County, Pennsylvania",27771
42013,"Blair County, Pennsylvania",4786
42015,"Bradford County, Pennsylvania",2998
42017,"Bucks County, Pennsylvania",115531
42019,"Butler County, Pennsylvania",22855
42021,"Cambria County, Pennsylvania",3725
42023,"Cameron County, Pennsylvania",104
42025,"Carbon County, Pennsylvania",3316
42027,"Centre County, Pennsylvania",16448
42029,"Chester County, Pennsylvania",91105
42031,"Clarion County, Pennsylvania",1324
42033,"Clearfield County, Pennsylvania",2431
42035,"Clinton County, Pennsylvania",1540
42037,"Columbia County, Pennsylvania",3317
42039,"Crawford County, Pennsylvania",2415
42041,"Cumberland County, Pennsylvania",22857
42043,"Dauphin County, Pennsylvania",15641
42045,"Delaware County, Pennsylvania",46688
42047,"Elk County, Pennsylvania",1151
42049,"Erie County, Pennsylvania",11025
42051,"Fayette County, Pennsylvania",4520
42053,"Forest County, Pennsylvania",143
42055,"Franklin County, Pennsylvania",11046
42057,"Fulton County, Pennsylvania",934
42059,"Greene County, Pennsylvania",1474
42061,"Huntingdon County, Pennsylvania",2174
42063,"Indiana County, Pennsylvania",2153
42065,"Jefferson County, Pennsylvania",1063
42067,"Juniata County, Pennsylvania",1423
42069,"Lackawanna County, Pennsylvania",10228
42071,"Lancaster County, Pennsylvania",45975
42073,"Lawrence County, Pennsylvania",2893
42075,"Lebanon County, Pennsylvania",8668
42077,"Lehigh County, Pennsylvania",28357
42079,"Luzerne County, Pennsylvania",12808
42081,"Lycoming County, Pennsylvania",5871
42083,"McKean County, Pennsylvania",709
42085,"Mercer County, Pennsylvania",4596
42087,"Mifflin County, Pennsylvania",1364
42089,"Monroe County, Pennsylvania",13993
42091,"Montgomery County, Pennsylvania",126292
42093,"Montour County, Pennsylvania",1584
42095,"Northampton County, Pennsylvania",30087
42097,"Northumberland County, Pennsylvania",3036
42099,"Perry County, Pennsylvania",3542
42101,"Philadelphia County, Pennsylvania",15609
42103,"Pike County, Pennsylvania",6526
42105,"Potter County, Pennsylvania",643
42107,"Schuylkill County, Pennsylvania",4345
42109,"Snyder County, Pennsylvania",2287
42111,"Somerset County, Pennsylvania",2371
42113,"Sullivan County, Pennsylvania",448
42115,"Susquehanna County, Pennsylvania",2889
42117,"Tioga County, Pennsylvania",1989
42119,"Union County, Pennsylvania",2526
42121,"Venango County, Pennsylvania",1264
42123,"Warren County, Pennsylvania",1076
42125,"Washington County, Pennsylvania",18911
42127,"Wayne County, Pennsylvania",4760
42129,"Westmoreland County, Pennsylvania",25019
42131,"Wyoming County, Pennsylvania",1662
42133,"York County, Pennsylvania",33161
44001,"Bristol County, Rhode Island",10930
44003,"Kent County, Rhode Island",27150
44005,"Newport County, Rhode Island",16688
44007,"Providence County, Rhode Island",67217
44009,"Washington County, Rhode Island",29464
45001,"Abbeville County, South Carolina",1117
45003,"Aiken County, South Carolina",10430
45005,"Allendale County, South Carolina",29
45007,"Anderson County, South Carolina",14088
45009,"Bamberg County, South Carolina",177
45011,"Barnwell County, South Carolina",424
45013,"Beaufort County, South Carolina",32941
45015,"Berkeley County, South Carolina",24158
45017,"Calhoun County, South Carolina",638
45019,"Charleston County, South Carolina",65520
45021,"Cherokee County, South Carolina",1504
45023,"Chester County, South Carolina",1114
45025,"Chesterfield County, South Carolina",603
45027,"Clarendon County, South Carolina",811
45029,"Colleton County, South Carolina",1286
45031,"Darlington County, South Carolina",1929
45033,"Dillon County, South Carolina",291
45035,"Dorchester County, South Carolina",18252
45037,"Edgefield County, South Carolina",1428
45039,"Fairfield County, South Carolina",1029
45041,"Florence County, South Carolina",5151
45043,"Georgetown County, South Carolina",7307
45045,"Greenville County, South Carolina",55299
45047,"Greenwood County, South Carolina",2940
45049,"Hampton County, South Carolina",339
45051,"Horry County, South Carolina",32756
45053,"Jasper County, South Carolina",3122
45055,"Kershaw County, South Carolina",3516
45057,"Lancaster County, South Carolina",13584
45059,"Laurens County, South Carolina",2361
45061,"Lee County, South Carolina",140
45063,"Lexington County, South Carolina",22329
45065,"McCormick County, South Carolina",891
45067,"Marion County, South Carolina",303
45069,"Marlboro County, South Carolina",203
45071,"Newberry County, South Carolina",1828
45073,"Oconee County, South Carolina",7026
45075,"Orangeburg County, South Carolina",1513
45077,"Pickens County, South Carolina",8057
45079,"Richland County, South Carolina",28327
45081,"Saluda County, South Carolina",854
45083,"Spartanburg County, South Carolina",21618
45085,"Sumter County, South Carolina",3052
45087,"Union County, South Carolina",412
45089,"Williamsburg County, South Carolina",374
45091,"York County, South Carolina",37825
46003,"Aurora County, South Dakota",135
46005,"Beadle County, South Dakota",926
46007,"Bennett County, South Dakota",68
46009,"Bon Homme County, South Dakota",194
46011,"Brookings County, South Dakota",2207
46013,"Brown County, South Dakota",2819
46015,"Brule County, South Dakota",319
46017,"Buffalo County, South Dakota",5
46019,"Butte County, South Dakota",696
46021,"Campbell County, South Dakota",39
46023,"Charles Mix County, South Dakota",433
46025,"Clark County, South Dakota",137
46027,"Clay County, South Dakota",776
46029,"Codington County, South Dakota",1957
46031,"Corson County, South Dakota",54
46033,"Custer County, South Dakota",1391
46035,"Davison County, South Dakota",1062
46037,"Day County, South Dakota",340
46039,"Deuel County, South Dakota",299
46041,"Dewey County, South Dakota",65
46043,"Douglas County, South Dakota",180
46045,"Edmunds County, South Dakota",299
46047,"Fall River County, South Dakota",466
46049,"Faulk County, South Dakota",109
46051,"Grant County, South Dakota",509
46053,"Gregory County, South Dakota",188
46055,"Haakon County, South Dakota",58
46057,"Hamlin County, South Dakota",454
46059,"Hand County, South Dakota",172
46061,"Hanson County, South Dakota",183
46063,"Harding County, South Dakota",50
46065,"Hughes County, South Dakota",1248
46067,"Hutchinson County, South Dakota",443
46069,"Hyde County, South Dakota",64
46071,"Jackson County, South Dakota",27
46073,"Jerauld County, South Dakota",127
46075,"Jones County, South Dakota",33
46077,"Kingsbury County, South Dakota",393
46079,"Lake County, South Dakota",993
46081,"Lawrence County, South Dakota",3091
46083,"Lincoln County, South Dakota",8739
46085,"Lyman County, South Dakota",162
46087,"McCook County, South Dakota",624
46089,"McPherson County, South Dakota",41
46091,"Marshall County, South Dakota",214
46093,"Meade County, South Dakota",3103
46095,"Mellette County, South Dakota",7
46097,"Miner County, South Dakota",142
46099,"Minnehaha County, South Dakota",18234
46101,"Moody County, South Dakota",489
46102,"Oglala Lakota County, South Dakota",11
46103,"Pennington County, South Dakota",10639
46105,"Perkins County, South Dakota",81
46107,"Potter County, South Dakota",104
46109,"Roberts County, South Dakota",537
46111,"Sanborn County, South Dakota",105
46115,"Spink County, South Dakota",269
46117,"Stanley County, South Dakota",244
46119,"Sully County, South Dakota",130
46121,"Todd County, South Dakota",14
46123,"Tripp County, South Dakota",245
46125,"Turner County, South Dakota",822
46127,"Union County, South Dakota",2015
46129,"Walworth County, South Dakota",262
46135,"Yankton County, South Dakota",1667
46137,"Ziebach County, South Dakota",19
47001,"Anderson County, Tennessee",6183
47003,"Bedford County, Tennessee",4278
47005,"Benton County, Tennessee",670
47007,"Bledsoe County, Tennessee",496
47009,"Blount County, Tennessee",16340
47011,"Bradley County, Tennessee",8185
47013,"Campbell County, Tennessee",1629
47015,"Cannon County, Tennessee",1387
47017,"Carroll County, Tennessee",924
47019,"Carter County, Tennessee",2184
47021,"Cheatham County, Tennessee",5424
47023,"Chester County, Tennessee",588
47025,"Claiborne County, Tennessee",1314
47027,"Clay County, Tennessee",285
47029,"Cocke County, Tennessee",1009
47031,"Coffee County, Tennessee",4565
47033,"Crockett County, Tennessee",446
47035,"Cumberland County, Tennessee",6186
47037,"Davidson County, Tennessee",93500
47039,"Decatur County, Tennessee",441
47041,"DeKalb County, Tennessee",1487
47043,"Dickson County, Tennessee",6289
47045,"Dyer County, Tennessee",1464
47047,"Fayette County, Tennessee",6613
47049,"Fentress County, Tennessee",892
47051,"Franklin County, Tennessee",3676
47053,"Gibson County, Tennessee",2038
47055,"Giles County, Tennessee",2047
47057,"Grainger County, Tennessee",1492
47059,"Greene County, Tennessee",3439
47061,"Grundy County, Tennessee",428
47063,"Hamblen County, Tennessee",3276
47065,"Hamilton County, Tennessee",40228
47067,"Hancock County, Tennessee",237
47069,"Hardeman County, Tennessee",506
47071,"Hardin County, Tennessee",1002
47073,"Hawkins County, Tennessee",2325
47075,"Haywood County, Tennessee",417
47077,"Henderson County, Tennessee",877
47079,"Henry County, Tennessee",1505
47081,"Hickman County, Tennessee",1539
47083,"Houston County, Tennessee",358
47085,"Humphreys County, Tennessee",991
47087,"Jackson County, Tennessee",533
47089,"Jefferson County, Tennessee",3885
47091,"Johnson County, Tennessee",1148
47093,"Knox County, Tennessee",50827
47095,"Lake County, Tennessee",55
47097,"Lauderdale County, Tennessee",485
47099,"Lawrence County, Tennessee",2501
47101,"Lewis County, Tennessee",765
47103,"Lincoln County, Tennessee",2924
47105,"Loudon County, Tennessee",8146
47107,"McMinn County, Tennessee",3043
47109,"McNairy County, Tennessee",1128
47111,"Macon County, Tennessee",1395
47113,"Madison County, Tennessee",5154
47115,"Marion County, Tennessee",1646
47117,"Marshall County, Tennessee",3548
47119,"Maury County, Tennessee",13585
47121,"Meigs County, Tennessee",682
47123,"Monroe County, Tennessee",2816
47125,"Montgomery County, Tennessee",17029
47127,"Moore County, Tennessee",781
47129,"Morgan County, Tennessee",756
47131,"Obion County, Tennessee",746
47133,"Overton County, Tennessee",1164
47135,"Perry County, Tennessee",178
47137,"Pickett County, Tennessee",349
47139,"Polk County, Tennessee",888
47141,"Putnam County, Tennessee",6313
47143,"Rhea County, Tennessee",1652
47145,"Roane County, Tennessee",4200
47147,"Robertson County, Tennessee",9824
47149,"Rutherford County, Tennessee",45121
47151,"Scott County, Tennessee",588
47153,"Sequatchie County, Tennessee",1107
47155,"Sevier County, Tennessee",9159
47157,"Shelby County, Tennessee",66754
47159,"Smith County, Tennessee",1288
47161,"Stewart County, Tennessee",888
47163,"Sullivan County, Tennessee",10507
47165,"Sumner County, Tennessee",32367
47167,"Tipton County, Tennessee",4105
47169,"Trousdale County, Tennessee",1005
47171,"Unicoi County, Tennessee",952
47173,"Union County, Tennessee",992
47175,"Van Buren County, Tennessee",295
47177,"Warren County, Tennessee",2004
47179,"Washington County, Tennessee",10384
47181,"Wayne County, Tennessee",482
47183,"Weakley County, Tennessee",1367
47185,"White County, Tennessee",1500
47187,"Williamson County, Tennessee",60803
47189,"Wilson County, Tennessee",28382
48001,"Anderson County, Texas",1877
48003,"Andrews County, Texas",811
48005,"Angelina County, Texas",2660
48007,"Aransas County, Texas",2314
48009,"Archer County, Texas",498
48011,"Armstrong County, Texas",85
48013,"Atascosa County, Texas",1570
48015,"Austin County, Texas",3337
48017,"Bailey County, Texas",112
48019,"Bandera County, Texas",2179
48021,"Bastrop County, Texas",8260
48023,"Baylor County, Texas",117
48025,"Bee County, Texas",510
48027,"Bell County, Texas",19240
48029,"Bexar County, Texas",141779
48031,"Blanco County, Texas",2008
48033,"Borden County, Texas",21
48035,"Bosque County, Texas",1134
48037,"Bowie County, Texas",3477
48039,"Brazoria County, Texas",37518
48041,"Brazos County, Texas",15712
48043,"Brewster County, Texas",454
48045,"Briscoe County, Texas",42
48047,"Brooks County, Texas",54
48049,"Brown County, Texas",1271
48051,"Burleson County, Texas",1069
48053,"Burnet County, Texas",6390
48055,"Caldwell County, Texas",2164
48057,"Calhoun County, Texas",1123
48059,"Callahan County, Texas",623
48061,"Cameron County, Texas",8077
48063,"Camp County, Texas",540
48065,"Carson County, Texas",108
48067,"Cass County, Texas",1115
48069,"Castro County, Texas",134
48071,"Chambers County, Texas",5727
48073,"Cherokee County, Texas",1898
48075,"Childress County, Texas",138
48077,"Clay County, Texas",630
48079,"Cochran County, Texas",13
48081,"Coke County, Texas",79
48083,"Coleman County, Texas",394
48085,"Collin County, Texas",199881
48087,"Collingsworth County, Texas",47
48089,"Colorado County, Texas",1471
48091,"Comal County, Texas",30765
48093,"Comanche County, Texas",700
48095,"Concho County, Texas",72
48097,"Cooke County, Texas",3331
48099,"Coryell County, Texas",2367
48101,"Cottle County, Texas",4
48103,"Crane County, Texas",66
48105,"Crockett County, Texas",191
48107,"Crosby County, Texas",64
48109,"Culberson County, Texas",9
48111,"Dallam County, Texas",304
48113,"Dallas County, Texas",193701
48115,"Dawson County, Texas",210
48117,"Deaf Smith County, Texas",183
48119,"Delta County, Texas",196
48121,"Denton County, Texas",160318
48123,"DeWitt County, Texas",748
48125,"Dickens County, Texas",28
48127,"Dimmit County, Texas",35
48129,"Donley County, Texas",51
48131,"Duval County, Texas",73
48133,"Eastland County, Texas",779
48135,"Ector County, Texas",6600
48137,"Edwards County, Texas",35
48139,"Ellis County, Texas",24387
48141,"El Paso County, Texas",21862
48143,"Erath County, Texas",3276
48145,"Falls County, Texas",469
48147,"Fannin County, Texas",2576
48149,"Fayette County, Texas",2905
48151,"Fisher County, Texas",159
48153,"Floyd County, Texas",33
48155,"Foard County, Texas",18
48157,"Fort Bend County, Texas",129405
48159,"Franklin County, Texas",1018
48161,"Freestone County, Texas",721
48163,"Frio County, Texas",177
48165,"Gaines County, Texas",822
48167,"Galveston County, Texas",39463
48169,"Garza County, Texas",61
48171,"Gillespie County, Texas",4790
48173,"Glasscock County, Texas",116
48175,"Goliad County, Texas",551
48177,"Gonzales County, Texas",672
48179,"Gray County, Texas",448
48181,"Grayson County, Texas",10422
48183,"Gregg County, Texas",4975
48185,"Grimes County, Texas",2075
48187,"Guadalupe County, Texas",19263
48189,"Hale County, Texas",600
48191,"Hall County, Texas",19
48193,"Hamilton County, Texas",455
48195,"Hansford County, Texas",193
48197,"Hardeman County, Texas",24
48199,"Hardin County, Texas",3034
48201,"Harris County, Texas",319147
48203,"Harrison County, Texas",3557
48205,"Hartley County, Texas",319
48207,"Haskell County, Texas",153
48209,"Hays County, Texas",35518
48211,"Hemphill County, Texas",178
48213,"Henderson County, Texas",4660
48215,"Hidalgo County, Texas",14797
48217,"Hill County, Texas",1569
48219,"Hockley County, Texas",473
48221,"Hood County, Texas",7578
48223,"Hopkins County, Texas",2225
48225,"Houston County, Texas",804
48227,"Howard County, Texas",1007
48229,"Hudspeth County, Texas",19
48231,"Hunt County, Texas",6132
48233,"Hutchinson County, Texas",333
48235,"Irion County, Texas",39
48237,"Jack County, Texas",365
48239,"Jackson County, Texas",695
48241,"Jasper County, Texas",660
48243,"Jeff Davis County, Texas",181
48245,"Jefferson County, Texas",8905
48247,"Jim Hogg County, Texas",109
48249,"Jim Wells County, Texas",849
48251,"Johnson County, Texas",14800
48253,"Jones County, Texas",460
48255,"Karnes County, Texas",391
48257,"Kaufman County, Texas",16138
48259,"Kendall County, Texas",9537
48261,"Kenedy County, Texas",2
48263,"Kent County, Texas",23
48265,"Kerr County, Texas",5634
48267,"Kimble County, Texas",412
48269,"King County, Texas",1
48271,"Kinney County, Texas",34
48273,"Kleberg County, Texas",791
48275,"Knox County, Texas",58
48277,"Lamar County, Texas",2266
48279,"Lamb County, Texas",110
48281,"Lampasas County, Texas",1985
48283,"La Salle County, Texas",131
48285,"Lavaca County, Texas",1759
48287,"Lee County, Texas",1511
48289,"Leon County, Texas",763
48291,"Liberty County, Texas",3165
48293,"Limestone County, Texas",1003
48295,"Lipscomb County, Texas",52
48297,"Live Oak County, Texas",417
48299,"Llano County, Texas",3464
48301,"Loving County, Texas",2
48303,"Lubbock County, Texas",15062
48305,"Lynn County, Texas",288
48307,"McCulloch County, Texas",201
48309,"McLennan County, Texas",15982
48311,"McMullen County, Texas",8
48313,"Madison County, Texas",428
48315,"Marion County, Texas",277
48317,"Martin County, Texas",231
48319,"Mason County, Texas",449
48321,"Matagorda County, Texas",1641
48323,"Maverick County, Texas",1058
48325,"Medina County, Texas",3333
48327,"Menard County, Texas",62
48329,"Midland County, Texas",18931
48331,"Milam County, Texas",1448
48333,"Mills County, Texas",438
48335,"Mitchell County, Texas",103
48337,"Montague County, Texas",1452
48339,"Montgomery County, Texas",76774
48341,"Moore County, Texas",320
48343,"Morris County, Texas",271
48345,"Motley County, Texas",21
48347,"Nacogdoches County, Texas",2177
48349,"Navarro County, Texas",1906
48351,"Newton County, Texas",135
48353,"Nolan County, Texas",258
48355,"Nueces County, Texas",16353
48357,"Ochiltree County, Texas",274
48359,"Oldham County, Texas",71
48361,"Orange County, Texas",3273
48363,"Palo Pinto County, Texas",1331
48365,"Panola County, Texas",914
48367,"Parker County, Texas",21934
48369,"Parmer County, Texas",318
48371,"Pecos County, Texas",295
48373,"Polk County, Texas",1954
48375,"Potter County, Texas",3306
48377,"Presidio County, Texas",359
48379,"Rains County, Texas",1016
48381,"Randall County, Texas",9719
48383,"Reagan County, Texas",39
48385,"Real County, Texas",183
48387,"Red River County, Texas",506
48389,"Reeves County, Texas",182
48391,"Refugio County, Texas",87
48393,"Roberts County, Texas",61
48395,"Robertson County, Texas",1025
48397,"Rockwall County, Texas",22015
48399,"Runnels County, Texas",196
48401,"Rusk County, Texas",2317
48403,"Sabine County, Texas",507
48405,"San Augustine County, Texas",179
48407,"San Jacinto County, Texas",1708
48409,"San Patricio County, Texas",2423
48411,"San Saba County, Texas",278
48413,"Schleicher County, Texas",116
48415,"Scurry County, Texas",616
48417,"Shackelford County, Texas",179
48419,"Shelby County, Texas",527
48421,"Sherman County, Texas",50
48423,"Smith County, Texas",15344
48425,"Somervell County, Texas",818
48427,"Starr County, Texas",726
48429,"Stephens County, Texas",386
48431,"Sterling County, Texas",69
48433,"Stonewall County, Texas",10
48435,"Sutton County, Texas",89
48437,"Swisher County, Texas",105
48439,"Tarrant County, Texas",208090
48441,"Taylor County, Texas",6804
48443,"Terrell County, Texas",0
48445,"Terry County, Texas",136
48447,"Throckmorton County, Texas",38
48449,"Titus County, Texas",1298
48451,"Tom Green County, Texas",6246
48453,"Travis County, Texas",203253
48455,"Trinity County, Texas",304
48457,"Tyler County, Texas",672
48459,"Upshur County, Texas",1743
48461,"Upton County, Texas",44
48463,"Uvalde County, Texas",874
48465,"Val Verde County, Texas",1358
48467,"Van Zandt County, Texas",4270
48469,"Victoria County, Texas",4525
48471,"Walker County, Texas",2643
48473,"Waller County, Texas",4836
48475,"Ward County, Texas",456
48477,"Washington County, Texas",4039
48479,"Webb County, Texas",6336
48481,"Wharton County, Texas",2324
48483,"Wheeler County, Texas",71
48485,"Wichita County, Texas",3991
48487,"Wilbarger County, Texas",148
48489,"Willacy County, Texas",127
48491,"Williamson County, Texas",115524
48493,"Wilson County, Texas",5395
48495,"Winkler County, Texas",164
48497,"Wise County, Texas",6938
48499,"Wood County, Texas",2876
48501,"Yoakum County, Texas",183
48503,"Young County, Texas",927
48505,"Zapata County, Texas",167
48507,"Zavala County, Texas",51
49001,"Beaver County, Utah",877
49003,"Box Elder County, Utah",8702
49005,"Cache County, Utah",18272
49007,"Carbon County, Utah",1091
49009,"Daggett County, Utah",63
49011,"Davis County, Utah",67984
49013,"Duchesne County, Utah",1722
49015,"Emery County, Utah",460
49017,"Garfield County, Utah",668
49019,"Grand County, Utah",1917
49021,"Iron County, Utah",7030
49023,"Juab County, Utah",1965
49025,"Kane County, Utah",1417
49027,"Millard County, Utah",1179
49029,"Morgan County, Utah",2820
49031,"Piute County, Utah",143
49033,"Rich County, Utah",300
49035,"Salt Lake County, Utah",196350
49037,"San Juan County, Utah",987
49039,"Sanpete County, Utah",3219
49041,"Sevier County, Utah",2379
49043,"Summit County, Utah",8709
49045,"Tooele County, Utah",12323
49047,"Uintah County, Utah",3086
49049,"Utah County, Utah",99545
49051,"Wasatch County, Utah",7295
49053,"Washington County, Utah",35008
49055,"Wayne County, Utah",468
49057,"Weber County, Utah",42325
50001,"Addison County, Vermont",5951
50003,"Bennington County, Vermont",4090
50005,"Caledonia County, Vermont",2303
50007,"Chittenden County, Vermont",24825
50009,"Essex County, Vermont",303
50011,"Franklin County, Vermont",5978
50013,"Grand Isle County, Vermont",1516
50015,"Lamoille County, Vermont",3189
50017,"Orange County, Vermont",3386
50019,"Orleans County, Vermont",2047
50021,"Rutland County, Vermont",4367
50023,"Washington County, Vermont",7738
50025,"Windham County, Vermont",4676
50027,"Windsor County, Vermont",6998
51001,"Accomack County, Virginia",2515
51003,"Albemarle County, Virginia",18581
51005,"Alleghany County, Virginia",395
51007,"Amelia County, Virginia",1136
51009,"Amherst County, Virginia",1963
51011,"Appomattox County, Virginia",787
51013,"Arlington County, Virginia",23990
51015,"Augusta County, Virginia",9805
51017,"Bath County, Virginia",251
51019,"Bedford County, Virginia",10411
51021,"Bland County, Virginia",269
51023,"Botetourt County, Virginia",4173
51025,"Brunswick County, Virginia",418
51027,"Buchanan County, Virginia",269
51029,"Buckingham County, Virginia",729
51031,"Campbell County, Virginia",2720
51033,"Caroline County, Virginia",3797
51035,"Carroll County, Virginia",1042
51036,"Charles City County, Virginia",628
51037,"Charlotte County, Virginia",361
51041,"Chesterfield County, Virginia",58436
51043,"Clarke County, Virginia",3733
51045,"Craig County, Virginia",298
51047,"Culpeper County, Virginia",9337
51049,"Cumberland County, Virginia",812
51051,"Dickenson County, Virginia",216
51053,"Dinwiddie County, Virginia",2414
51057,"Essex County, Virginia",727
51059,"Fairfax County, Virginia",164839
51061,"Fauquier County, Virginia",16817
51063,"Floyd County, Virginia",1312
51065,"Fluvanna County, Virginia",3596
51067,"Franklin County, Virginia",5086
51069,"Frederick County, Virginia",14543
51071,"Giles County, Virginia",697
51073,"Gloucester County, Virginia",4981
51075,"Goochland County, Virginia",6463
51077,"Grayson County, Virginia",595
51079,"Greene County, Virginia",3182
51081,"Greensville County, Virginia",126
51083,"Halifax County, Virginia",1022
51085,"Hanover County, Virginia",22271
51087,"Henrico County, Virginia",43222
51089,"Henry County, Virginia",1110
51091,"Highland County, Virginia",214
51093,"Isle of Wight County, Virginia",6313
51095,"James City County, Virginia",15442
51097,"King and Queen County, Virginia",560
51099,"King George County, Virginia",5113
51101,"King William County, Virginia",2502
51103,"Lancaster County, Virginia",2051
51105,"Lee County, Virginia",472
51107,"Loudoun County, Virginia",64887
51109,"Louisa County, Virginia",4739
51111,"Lunenburg County, Virginia",399
51113,"Madison County, Virginia",2337
51115,"Mathews County, Virginia",1762
51117,"Mecklenburg County, Virginia",1819
51119,"Middlesex County, Virginia",1807
51121,"Montgomery County, Virginia",7512
51125,"Nelson County, Virginia",2048
51127,"New Kent County, Virginia",5749
51131,"Northampton County, Virginia",1447
51133,"Northumberland County, Virginia",2396
51135,"Nottoway County, Virginia",645
51137,"Orange County, Virginia",6201
51139,"Page County, Virginia",1709
51141,"Patrick County, Virginia",841
51143,"Pittsylvania County, Virginia",1868
51145,"Powhatan County, Virginia",7209
51147,"Prince Edward County, Virginia",894
51149,"Prince George County, Virginia",3490
51153,"Prince William County, Virginia",70676
51155,"Pulaski County, Virginia",2066
51157,"Rappahannock County, Virginia",1787
51159,"Richmond County, Virginia",324
51161,"Roanoke County, Virginia",10570
51163,"Rockbridge County, Virginia",2282
51165,"Rockingham County, Virginia",9524
51167,"Russell County, Virginia",617
51169,"Scott County, Virginia",562
51171,"Shenandoah County, Virginia",4397
51173,"Smyth County, Virginia",830
51175,"Southampton County, Virginia",978
51177,"Spotsylvania County, Virginia",24972
51179,"Stafford County, Virginia",30417
51181,"Surry County, Virginia",675
51183,"Sussex County, Virginia",294
51185,"Tazewell County, Virginia",884
51187,"Warren County, Virginia",6012
51191,"Washington County, Virginia",3638
51193,"Westmoreland County, Virginia",1997
51195,"Wise County, Virginia",604
51197,"Wythe County, Virginia",1395
51199,"York County, Virginia",12073
51510,"Alexandria city, Virginia",7923
51520,"Bristol city, Virginia",548
51530,"Buena Vista city, Virginia",172
51540,"Charlottesville city, Virginia",5753
51550,"Chesapeake city, Virginia",36302
51570,"Colonial Heights city, Virginia",947
51580,"Covington city, Virginia",68
51590,"Danville city, Virginia",759
51595,"Emporia city, Virginia",59
51600,"Fairfax city, Virginia",4219
51610,"Falls Church city, Virginia",1781
51620,"Franklin city, Virginia",335
51630,"Fredericksburg city, Virginia",3299
51640,"Galax city, Virginia",158
51650,"Hampton city, Virginia",7429
51660,"Harrisonburg city, Virginia",2126
51670,"Hopewell city, Virginia",440
51678,"Lexington city, Virginia",448
51680,"Lynchburg city, Virginia",2968
51683,"Manassas city, Virginia",4630
51685,"Manassas Park city, Virginia",1721
51690,"Martinsville city, Virginia",280
51700,"Newport News city, Virginia",8850
51710,"Norfolk city, Virginia",15161
51720,"Norton city, Virginia",19
51730,"Petersburg city, Virginia",692
51735,"Poquoson city, Virginia",2875
51740,"Portsmouth city, Virginia",4756
51750,"Radford city, Virginia",506
51760,"Richmond city, Virginia",20364
51770,"Roanoke city, Virginia",4401
51775,"Salem city, Virginia",2047
51790,"Staunton city, Virginia",1735
51800,"Suffolk city, Virginia",13623
51810,"Virginia Beach city, Virginia",57894
51820,"Waynesboro city, Virginia",1523
51830,"Williamsburg city, Virginia",1087
51840,"Winchester city, Virginia",2444
53001,"Adams County, Washington",1173
53003,"Asotin County, Washington",2738
53005,"Benton County, Washington",29533
53007,"Chelan County, Washington",12730
53009,"Clallam County, Washington",13583
53011,"Clark County, Washington",98409
53013,"Columbia County, Washington",566
53015,"Cowlitz County, Washington",16320
53017,"Douglas County, Washington",5741
53019,"Ferry County, Washington",783
53021,"Franklin County, Washington",11470
53023,"Garfield County, Washington",109
53025,"Grant County, Washington",7245
53027,"Grays Harbor County, Washington",8496
53029,"Island County, Washington",20510
53031,"Jefferson County, Washington",8506
53033,"King County, Washington",390502
53035,"Kitsap County, Washington",57327
53037,"Kittitas County, Washington",8850
53039,"Klickitat County, Washington",3911
53041,"Lewis County, Washington",11465
53043,"Lincoln County, Washington",1324
53045,"Mason County, Washington",10718
53047,"Okanogan County, Washington",4737
53049,"Pacific County, Washington",3115
53051,"Pend Oreille County, Washington",1863
53053,"Pierce County, Washington",169807
53055,"San Juan County, Washington",5378
53057,"Skagit County, Washington",26252
53059,"Skamania County, Washington",2599
53061,"Snohomish County, Washington",161802
53063,"Spokane County, Washington",81775
53065,"Stevens County, Washington",6144
53067,"Thurston County, Washington",55913
53069,"Wahkiakum County, Washington",910
53071,"Walla Walla County, Washington",8833
53073,"Whatcom County, Washington",41858
53075,"Whitman County, Washington",3842
53077,"Yakima County, Washington",20093
54001,"Barbour County, West Virginia",306
54003,"Berkeley County, West Virginia",9647
54005,"Boone County, West Virginia",293
54007,"Braxton County, West Virginia",275
54009,"Brooke County, West Virginia",536
54011,"Cabell County, West Virginia",3318
54013,"Calhoun County, West Virginia",70
54015,"Clay County, West Virginia",137
54017,"Doddridge County, West Virginia",263
54019,"Fayette County, West Virginia",739
54021,"Gilmer County, West Virginia",53
54023,"Grant County, West Virginia",651
54025,"Greenbrier County, West Virginia",1464
54027,"Hampshire County, West Virginia",1331
54029,"Hancock County, West Virginia",606
54031,"Hardy County, West Virginia",705
54033,"Harrison County, West Virginia",2801
54035,"Jackson County, West Virginia",894
54037,"Jefferson County, West Virginia",8498
54039,"Kanawha County, West Virginia",5693
54041,"Lewis County, West Virginia",605
54043,"Lincoln County, West Virginia",233
54045,"Logan County, West Virginia",409
54047,"McDowell County, West Virginia",49
54049,"Marion County, West Virginia",2235
54051,"Marshall County, West Virginia",998
54053,"Mason County, West Virginia",793
54055,"Mercer County, West Virginia",1337
54057,"Mineral County, West Virginia",1244
54059,"Mingo County, West Virginia",90
54061,"Monongalia County, West Virginia",7567
54063,"Monroe County, West Virginia",431
54065,"Morgan County, West Virginia",1362
54067,"Nicholas County, West Virginia",771
54069,"Ohio County, West Virginia",1739
54071,"Pendleton County, West Virginia",370
54073,"Pleasants County, West Virginia",157
54075,"Pocahontas County, West Virginia",258
54077,"Preston County, West Virginia",1214
54079,"Putnam County, West Virginia",3979
54081,"Raleigh County, West Virginia",2031
54083,"Randolph County, West Virginia",793
54085,"Ritchie County, West Virginia",193
54087,"Roane County, West Virginia",372
54089,"Summers County, West Virginia",285
54091,"Taylor County, West Virginia",977
54093,"Tucker County, West Virginia",299
54095,"Tyler County, West Virginia",112
54097,"Upshur County, West Virginia",811
54099,"Wayne County, West Virginia",1050
54101,"Webster County, West Virginia",41
54103,"Wetzel County, West Virginia",276
54105,"Wirt County, West Virginia",152
54107,"Wood County, West Virginia",3013
54109,"Wyoming County, West Virginia",109
55001,"Adams County, Wisconsin",1462
55003,"Ashland County, Wisconsin",733
55005,"Barron County, Wisconsin",3458
55007,"Bayfield County, Wisconsin",1814
55009,"Brown County, Wisconsin",21978
55011,"Buffalo County, Wisconsin",948
55013,"Burnett County, Wisconsin",1567
55015,"Calumet County, Wisconsin",5386
55017,"Chippewa County, Wisconsin",6070
55019,"Clark County, Wisconsin",1599
55021,"Columbia County, Wisconsin",6550
55023,"Crawford County, Wisconsin",862
55025,"Dane County, Wisconsin",79153
55027,"Dodge County, Wisconsin",6404
55029,"Door County, Wisconsin",5157
55031,"Douglas County, Wisconsin",2769
55033,"Dunn County, Wisconsin",2816
55035,"Eau Claire County, Wisconsin",7784
55037,"Florence County, Wisconsin",336
55039,"Fond du Lac County, Wisconsin",7286
55041,"Forest County, Wisconsin",532
55043,"Grant County, Wisconsin",2487
55045,"Green County, Wisconsin",3660
55047,"Green Lake County, Wisconsin",1624
55049,"Iowa County, Wisconsin",2593
55051,"Iron County, Wisconsin",574
55053,"Jackson County, Wisconsin",1393
55055,"Jefferson County, Wisconsin",8721
55057,"Juneau County, Wisconsin",1370
55059,"Kenosha County, Wisconsin",14419
55061,"Kewaunee County, Wisconsin",1607
55063,"La Crosse County, Wisconsin",9248
55065,"Lafayette County, Wisconsin",1108
55067,"Langlade County, Wisconsin",802
55069,"Lincoln County, Wisconsin",1813
55071,"Manitowoc County, Wisconsin",4570
55073,"Marathon County, Wisconsin",8878
55075,"Marinette County, Wisconsin",1855
55077,"Marquette County, Wisconsin",1106
55078,"Menominee County, Wisconsin",141
55079,"Milwaukee County, Wisconsin",40074
55081,"Monroe County, Wisconsin",2501
55083,"Oconto County, Wisconsin",3506
55085,"Oneida County, Wisconsin",4153
55087,"Outagamie County, Wisconsin",17483
55089,"Ozaukee County, Wisconsin",15454
55091,"Pepin County, Wisconsin",578
55093,"Pierce County, Wisconsin",5758
55095,"Polk County, Wisconsin",4719
55097,"Portage County, Wisconsin",5399
55099,"Price County, Wisconsin",769
55101,"Racine County, Wisconsin",17649
55103,"Richland County, Wisconsin",1099
55105,"Rock County, Wisconsin",10464
55107,"Rusk County, Wisconsin",705
55109,"St. Croix County, Wisconsin",15434
55111,"Sauk County, Wisconsin",6057
55113,"Sawyer County, Wisconsin",1861
55115,"Shawano County, Wisconsin",2537
55117,"Sheboygan County, Wisconsin",8287
55119,"Taylor County, Wisconsin",1074
55121,"Trempealeau County, Wisconsin",2114
55123,"Vernon County, Wisconsin",2536
55125,"Vilas County, Wisconsin",3622
55127,"Walworth County, Wisconsin",11533
55129,"Washburn County, Wisconsin",1519
55131,"Washington County, Wisconsin",20105
55133,"Waukesha County, Wisconsin",78185
55135,"Waupaca County, Wisconsin",3820
55137,"Waushara County, Wisconsin",1906
55139,"Winnebago County, Wisconsin",11555
55141,"Wood County, Wisconsin",3143
56001,"Albany County, Wyoming",3649
56003,"Big Horn County, Wyoming",761
56005,"Campbell County, Wyoming",3684
56007,"Carbon County, Wyoming",962
56009,"Converse County, Wyoming",1488
56011,"Crook County, Wyoming",731
56013,"Fremont County, Wyoming",3388
56015,"Goshen County, Wyoming",1037
56017,"Hot Springs County, Wyoming",315
56019,"Johnson County, Wyoming",1256
56021,"Laramie County, Wyoming",14146
56023,"Lincoln County, Wyoming",3049
56025,"Natrona County, Wyoming",8421
56027,"Niobrara County, Wyoming",190
56029,"Park County, Wyoming",5618
56031,"Platte County, Wyoming",959
56033,"Sheridan County, Wyoming",5063
56035,"Sublette County, Wyoming",1723
56037,"Sweetwater County, Wyoming",2950
56039,"Teton County, Wyoming",3672
56041,"Uinta County, Wyoming",1692
56043,"Washakie County, Wyoming",555
56045,"Weston County, Wyoming",652
72001,"Adjuntas Municipio, Puerto Rico",66
72003,"Aguada Municipio, Puerto Rico",261
72005,"Aguadilla Municipio, Puerto Rico",809
72007,"Aguas Buenas Municipio, Puerto Rico",97
72009,"Aibonito Municipio, Puerto Rico",153
72011,"Añasco Municipio, Puerto Rico",126
72013,"Arecibo Municipio, Puerto Rico",693
72015,"Arroyo Municipio, Puerto Rico",15
72017,"Barceloneta Municipio, Puerto Rico",124
72019,"Barranquitas Municipio, Puerto Rico",204
72021,"Bayamón Municipio, Puerto Rico",1304
72023,"Cabo Rojo Municipio, Puerto Rico",502
72025,"Caguas Municipio, Puerto Rico",2886
72027,"Camuy Municipio, Puerto Rico",222
72029,"Canóvanas Municipio, Puerto Rico",603
72031,"Carolina Municipio, Puerto Rico",1892
72033,"Cataño Municipio, Puerto Rico",246
72035,"Cayey Municipio, Puerto Rico",427
72037,"Ceiba Municipio, Puerto Rico",89
72039,"Ciales Municipio, Puerto Rico",40
72041,"Cidra Municipio, Puerto Rico",510
72043,"Coamo Municipio, Puerto Rico",164
72045,"Comerío Municipio, Puerto Rico",64
72047,"Corozal Municipio, Puerto Rico",202
72049,"Culebra Municipio, Puerto Rico",35
72051,"Dorado Municipio, Puerto Rico",1621
72053,"Fajardo Municipio, Puerto Rico",234
72054,"Florida Municipio, Puerto Rico",181
72055,"Guánica Municipio, Puerto Rico",39
72057,"Guayama Municipio, Puerto Rico",241
72059,"Guayanilla Municipio, Puerto Rico",23
72061,"Guaynabo Municipio, Puerto Rico",4307
72063,"Gurabo Municipio, Puerto Rico",1675
72065,"Hatillo Municipio, Puerto Rico",1013
72067,"Hormigueros Municipio, Puerto Rico",106
72069,"Humacao Municipio, Puerto Rico",694
72071,"Isabela Municipio, Puerto Rico",437
72073,"Jayuya Municipio, Puerto Rico",73
72075,"Juana Díaz Municipio, Puerto Rico",175
72077,"Juncos Municipio, Puerto Rico",162
72079,"Lajas Municipio, Puerto Rico",168
72081,"Lares Municipio, Puerto Rico",159
72083,"Las Marías Municipio, Puerto Rico",104
72085,"Las Piedras Municipio, Puerto Rico",275
72087,"Loíza Municipio, Puerto Rico",80
72089,"Luquillo Municipio, Puerto Rico",381
72091,"Manatí Municipio, Puerto Rico",352
72093,"Maricao Municipio, Puerto Rico",6
72095,"Maunabo Municipio, Puerto Rico",81
72097,"Mayagüez Municipio, Puerto Rico",893
72099,"Moca Municipio, Puerto Rico",234
72101,"Morovis Municipio, Puerto Rico",61
72103,"Naguabo Municipio, Puerto Rico",91
72105,"Naranjito Municipio, Puerto Rico",221
72107,"Orocovis Municipio, Puerto Rico",76
72109,"Patillas Municipio, Puerto Rico",9
72111,"Peñuelas Municipio, Puerto Rico",74
72113,"Ponce Municipio, Puerto Rico",1218
72115,"Quebradillas Municipio, Puerto Rico",145
72117,"Rincón Municipio, Puerto Rico",389
72119,"Río Grande Municipio, Puerto Rico",318
72121,"Sabana Grande Municipio, Puerto Rico",83
72123,"Salinas Municipio, Puerto Rico",47
72125,"San Germán Municipio, Puerto Rico",237
72127,"San Juan Municipio, Puerto Rico",8996
72129,"San Lorenzo Municipio, Puerto Rico",211
72131,"San Sebastián Municipio, Puerto Rico",290
72133,"Santa Isabel Municipio, Puerto Rico",57
72135,"Toa Alta Municipio, Puerto Rico",1560
72137,"Toa Baja Municipio, Puerto Rico",416
72139,"Trujillo Alto Municipio, Puerto Rico",1466
72141,"Utuado Municipio, Puerto Rico",140
72143,"Vega Alta Municipio, Puerto Rico",655
72145,"Vega Baja Municipio, Puerto Rico",365
72147,"Vieques Municipio, Puerto Rico",60
72149,"Villalba Municipio, Puerto Rico",76
72151,"Yabucoa Municipio, Puerto Rico",168
72153,"Yauco Municipio, Puerto Rico",159
